station,latitude,longitude
NLA06608-0001,48.97902855,-114.0218399
NLA06608-0002,33.03608374,-79.98386391
NLA06608-0003,28.04774206,-97.85986605
NLA06608-0004,37.4166607,-108.4048501
NLA06608-0005,43.92920926,-114.8403862
NLA06608-0006,41.68175297,-73.14606273
NLA06608-0007,45.58064546,-92.04001797
NLA06608-0008,41.29211104,-93.59040488
NLA06608-0010,42.61838753,-83.50577683
NLA06608-0012,35.99150268,-96.87241719
NLA06608-0013,39.97344013,-74.56471585
NLA06608-0014,47.83492738,-100.5756807
NLA06608-0015,33.0071076,-107.2747938
NLA06608-0016,41.03204082,-100.7787613
NLA06608-0019,46.36684196,-99.50977063
NLA06608-0020,39.40866265,-87.81166596
NLA06608-0021,42.77191973,-77.3095481
NLA06608-0023,31.14847472,-97.74530951
NLA06608-0024,32.14427625,-95.48374161
NLA06608-0025,35.20132137,-81.34573084
NLA06608-0029,38.75601051,-75.21503793
NLA06608-0031,39.77629271,-81.51912535
NLA06608-0033,47.31102531,-121.2991849
NLA06608-0036,37.47735355,-88.32739147
NLA06608-0037,41.69699293,-73.36398551
NLA06608-0038,44.79759122,-71.86971736
NLA06608-0041,38.22694093,-80.85405519
NLA06608-0042,44.45823517,-107.0403753
NLA06608-0043,41.553395,-85.44424168
NLA06608-0044,42.4048448,-101.7024805
NLA06608-0045,37.29290216,-77.8913145
NLA06608-0048,36.7872968,-89.17572548
NLA06608-0049,45.06232667,-117.1533553
NLA06608-0050,43.44601793,-71.80868659
NLA06608-0053,43.55819295,-73.43960723
NLA06608-0057,34.96189211,-80.51686138
NLA06608-0061,34.24558153,-113.5793644
NLA06608-0062,47.32067994,-99.74629427
NLA06608-0064,48.89406444,-112.1680823
NLA06608-0065,48.96281773,-115.1164412
NLA06608-0066,39.76851425,-79.38081778
NLA06608-0068,37.82451681,-107.8853268
NLA06608-0069,28.63736319,-81.13762447
NLA06608-0071,31.6670628,-91.50859548
NLA06608-0072,32.23766222,-98.40515204
NLA06608-0073,39.52477029,-118.878391
NLA06608-0076,39.41438688,-94.49789661
NLA06608-0077,40.92720545,-74.53493418
NLA06608-0078,48.17781123,-100.2942095
NLA06608-0079,39.9858095,-107.2315917
NLA06608-0080,34.1200351,-91.56105203
NLA06608-0081,48.22612028,-122.1241675
NLA06608-0083,45.95159402,-99.13628059
NLA06608-0085,43.4603884,-116.1413991
NLA06608-0086,45.61664005,-122.4259761
NLA06608-0089,35.7733743,-81.54174586
NLA06608-0090,42.93075473,-109.6534609
NLA06608-0091,41.36944118,-87.43213825
NLA06608-0099,43.09896871,-88.45575592
NLA06608-0101,42.02213611,-73.48389283
NLA06608-0102,44.50662567,-70.72279271
NLA06608-0104,37.65536135,-98.26223499
NLA06608-0105,38.2350209,-112.2015025
NLA06608-0107,41.65016117,-85.08175821
NLA06608-0110,46.87148558,-95.73044468
NLA06608-0111,41.13540548,-81.13692241
NLA06608-0112,39.01266111,-89.14408234
NLA06608-0113,44.71913479,-72.23397261
NLA06608-0115,44.32354588,-89.19098696
NLA06608-0116,35.66653924,-106.3013899
NLA06608-0120,36.15882361,-96.39212032
NLA06608-0124,42.14001905,-101.8094915
NLA06608-0126,47.19305824,-99.32424356
NLA06608-0127,34.15364617,-109.3063643
NLA06608-0128,48.75289143,-109.2416928
NLA06608-0129,48.21240982,-114.5994561
NLA06608-0130,31.40138437,-111.0870104
NLA06608-0132,36.20871918,-109.0936327
NLA06608-0134,41.88055989,-73.04020906
NLA06608-0137,38.14855815,-119.3636363
NLA06608-0139,41.17205162,-85.93794192
NLA06608-0140,39.63876483,-95.45475863
NLA06608-0141,39.42141827,-75.68780373
NLA06608-0142,46.00203418,-89.52546188
NLA06608-0144,33.39525121,-99.39138265
NLA06608-0148,39.34860511,-86.1080157
NLA06608-0149,41.63340269,-76.84081042
NLA06608-0150,44.85255397,-69.23433528
NLA06608-0152,34.59440722,-97.68636485
NLA06608-0153,37.21416576,-78.62545713
NLA06608-0155,42.37396455,-88.1303306
NLA06608-0158,45.88100581,-91.24994528
NLA06608-0161,28.1024337,-82.72114525
NLA06608-0162,42.73328267,-72.10327504
NLA06608-0167,44.94283229,-94.03270743
NLA06608-0168,37.75822313,-94.85392322
NLA06608-0169,38.51725431,-111.5318192
NLA06608-0170,43.9911006,-86.10688883
NLA06608-0173,33.076168,-115.5110061
NLA06608-0174,46.25212358,-96.0363618
NLA06608-0175,39.68102041,-84.68705386
NLA06608-0176,35.14239477,-90.45779851
NLA06608-0177,43.89158406,-73.05239528
NLA06608-0179,44.36456222,-101.0545158
NLA06608-0180,34.51894059,-98.88132868
NLA06608-0181,37.78867502,-119.0739704
NLA06608-0183,45.32633691,-92.42514305
NLA06608-0184,38.83461964,-94.74900513
NLA06608-0185,41.11130456,-75.45750462
NLA06608-0189,40.02942387,-80.57939847
NLA06608-0190,47.67254307,-93.75949137
NLA06608-0191,35.1744696,-83.67353794
NLA06608-0193,48.70438576,-121.1758404
NLA06608-0195,46.89197546,-99.08101063
NLA06608-0196,38.77692521,-88.06164584
NLA06608-0198,41.71307603,-70.08954132
NLA06608-0201,39.11275673,-120.4402773
NLA06608-0203,34.00633269,-87.31609868
NLA06608-0204,35.43592446,-99.24197456
NLA06608-0207,32.60301252,-84.81807605
NLA06608-0208,35.58351723,-90.96311825
NLA06608-0209,47.57601003,-122.0836788
NLA06608-0211,47.46534213,-95.76982211
NLA06608-0212,39.02683507,-86.46951143
NLA06608-0215,45.2593824,-94.96441345
NLA06608-0216,40.32832492,-96.53038863
NLA06608-0217,36.15288306,-79.1460479
NLA06608-0219,41.39943891,-85.36942922
NLA06608-0220,42.50467587,-100.5302202
NLA06608-0221,37.30050918,-76.82115028
NLA06608-0222,48.40689317,-102.9398075
NLA06608-0223,33.58413004,-84.20752986
NLA06608-0224,37.64824759,-90.58866973
NLA06608-0225,47.48039976,-112.5389845
NLA06608-0226,43.19952563,-71.24740864
NLA06608-0228,38.06219707,-103.6093941
NLA06608-0229,43.99568889,-74.40810652
NLA06608-0234,43.21858999,-85.46806326
NLA06608-0235,41.3219986,-85.7533454
NLA06608-0237,38.39171415,-115.1175479
NLA06608-0238,46.57881675,-94.17531685
NLA06608-0239,35.01895093,-85.55980719
NLA06608-0240,48.48645931,-107.5697324
NLA06608-0241,42.29154287,-111.7292621
NLA06608-0242,41.56832304,-71.91051169
NLA06608-0243,44.67688824,-100.7146435
NLA06608-0244,33.73938795,-99.23199838
NLA06608-0245,38.36396781,-122.1300516
NLA06608-0247,43.53474213,-96.96004
NLA06608-0249,41.1853168,-74.34725508
NLA06608-0253,32.47736836,-81.83068716
NLA06608-0254,47.96678307,-99.09494995
NLA06608-0255,35.94835771,-85.31930179
NLA06608-0257,48.54139505,-115.2253416
NLA06608-0259,46.37421211,-98.99123974
NLA06608-0260,36.67343618,-106.6907196
NLA06608-0268,35.51584252,-96.31619262
NLA06608-0271,40.48670319,-83.88947318
NLA06608-0275,46.27199075,-99.38087643
NLA06608-0276,38.77637097,-105.0043919
NLA06608-0277,42.67760963,-113.4039542
NLA06608-0279,44.19381472,-93.8991982
NLA06608-0280,32.08992704,-95.89428844
NLA06608-0281,35.49457482,-80.57559837
NLA06608-0283,32.51409975,-87.85682967
NLA06608-0284,34.9138437,-98.73027981
NLA06608-0285,38.55949256,-75.56230267
NLA06608-0286,46.15201138,-88.82986029
NLA06608-0290,42.19565154,-120.5256858
NLA06608-0291,43.81382063,-88.99784821
NLA06608-0293,41.38426053,-73.50316356
NLA06608-0294,44.95223074,-72.11517323
NLA06608-0295,45.18752231,-97.63185539
NLA06608-0297,33.84097049,-81.67207159
NLA06608-0299,41.45660059,-85.2449775
NLA06608-0301,37.15479457,-77.52050059
NLA06608-0302,45.91703876,-97.02426153
NLA06608-0303,41.08825872,-82.72869743
NLA06608-0306,43.41594036,-119.41191
NLA06608-0312,38.81717464,-95.54639054
NLA06608-0313,34.88602671,-79.6893777
NLA06608-0318,47.46148555,-92.43469487
NLA06608-0319,34.72229815,-83.11204858
NLA06608-0324,36.94411474,-82.20299073
NLA06608-0325,28.56369452,-81.43794893
NLA06608-0326,41.35719487,-72.04012641
NLA06608-0327,31.70685204,-91.37341374
NLA06608-0328,32.515555,-93.87023429
NLA06608-0330,45.06291593,-83.45698555
NLA06608-0332,35.6973295,-94.94231971
NLA06608-0333,40.62803319,-74.85056841
NLA06608-0334,48.32055243,-100.7578272
NLA06608-0337,48.39382391,-122.6562431
NLA06608-0339,46.11443869,-99.42452982
NLA06608-0340,35.69079767,-105.8760128
NLA06608-0341,43.20849339,-75.93516194
NLA06608-0343,44.87482061,-96.63467456
NLA06608-0344,40.96440578,-96.87657153
NLA06608-0345,36.6584792,-79.84411222
NLA06608-0350,45.76460924,-90.66053756
NLA06608-0354,42.51316899,-71.80704144
NLA06608-0356,36.5624187,-104.5942811
NLA06608-0357,42.31291296,-73.13746333
NLA06608-0358,44.8402973,-71.13459324
NLA06608-0359,45.40860677,-96.62610248
NLA06608-0361,35.02063348,-81.04741516
NLA06608-0363,41.93869662,-85.32247676
NLA06608-0366,46.94267011,-95.26723865
NLA06608-0367,41.36496934,-81.22089462
NLA06608-0369,44.58635561,-72.31186438
NLA06608-0372,38.4638561,-105.0515471
NLA06608-0373,34.25648145,-117.1853787
NLA06608-0376,36.34631767,-96.19742511
NLA06608-0377,40.86340465,-76.77414252
NLA06608-0378,47.55740216,-112.4480125
NLA06608-0384,48.71606442,-103.1433201
NLA06608-0385,48.24332238,-112.8672156
NLA06608-0386,40.49157546,-78.46066192
NLA06608-0388,36.68063739,-83.70769993
NLA06608-0393,37.89444471,-120.5721188
NLA06608-0394,44.49478161,-110.4302646
NLA06608-0395,33.09780391,-86.48006432
NLA06608-0399,42.42304224,-83.99670111
NLA06608-0401,47.17516791,-68.23832958
NLA06608-0402,42.88974892,-124.0780934
NLA06608-0403,47.39595432,-94.56183848
NLA06608-0405,41.97140495,-75.87965119
NLA06608-0406,45.18038118,-121.7044304
NLA06608-0407,45.09335555,-97.75438416
NLA06608-0408,34.36882178,-97.28183273
NLA06608-0413,36.56057181,-77.7454141
NLA06608-0414,46.13180055,-91.61045649
NLA06608-0418,42.76982559,-71.9999278
NLA06608-0421,43.09504296,-73.76674325
NLA06608-0425,38.60139009,-111.8408939
NLA06608-0426,43.8382238,-85.07388127
NLA06608-0432,34.72157737,-90.07296426
NLA06608-0433,44.59818602,-73.32701747
NLA06608-0435,45.16826567,-90.69813817
NLA06608-0436,34.45197764,-92.9382529
NLA06608-0439,45.6434979,-99.23111059
NLA06608-0440,36.23894258,-97.34810228
NLA06608-0442,48.28610194,-101.9047579
NLA06608-0444,34.16578918,-89.91161609
NLA06608-0445,40.04037364,-81.01468823
NLA06608-0447,38.48293784,-82.87432631
NLA06608-0449,48.13580369,-117.6915241
NLA06608-0452,39.80684554,-105.0360311
NLA06608-0453,28.57332363,-81.77025392
NLA06608-0454,41.98027394,-71.20202787
NLA06608-0456,33.06325702,-96.47583806
NLA06608-0458,31.16378198,-83.54189637
NLA06608-0459,34.22736338,-86.84289703
NLA06608-0462,46.19906329,-89.29397704
NLA06608-0463,42.21176414,-83.52098213
NLA06608-0467,43.54623419,-89.35866266
NLA06608-0468,39.43240936,-106.6003635
NLA06608-0469,41.90973411,-75.33783928
NLA06608-0470,43.62308804,-71.2654292
NLA06608-0471,45.44013929,-97.26229547
NLA06608-0472,34.57061143,-96.23835676
NLA06608-0473,35.51629478,-80.20338458
NLA06608-0479,39.92061781,-83.00425479
NLA06608-0480,37.99433764,-90.54213897
NLA06608-0483,29.49147018,-101.1563449
NLA06608-0484,36.3106781,-88.48981792
NLA06608-0488,37.19291806,-95.98785068
NLA06608-0489,38.49363215,-78.00762524
NLA06608-0491,41.41314405,-85.734175
NLA06608-0493,38.77124892,-77.64555522
NLA06608-0494,46.82219046,-94.53354023
NLA06608-0495,38.44681794,-107.4380582
NLA06608-0496,48.75171319,-108.0524686
NLA06608-0497,42.10765269,-111.8159376
NLA06608-0498,41.95089958,-71.95122366
NLA06608-0500,34.21452974,-94.21467091
NLA06608-0501,37.94770129,-122.6261025
NLA06608-0502,42.82731383,-83.7469401
NLA06608-0503,43.57476695,-97.0587378
NLA06608-0508,33.85862113,-90.54209875
NLA06608-0509,40.46163354,-79.56745425
NLA06608-0510,48.24795344,-98.89482584
NLA06608-0511,38.22555093,-107.5377617
NLA06608-0512,48.92434782,-100.3053493
NLA06608-0514,40.35947442,-78.11282933
NLA06608-0515,46.02793009,-98.94484753
NLA06608-0523,43.92368969,-96.95103624
NLA06608-0526,47.94784518,-91.39276754
NLA06608-0527,32.85947959,-84.39692999
NLA06608-0528,40.69518018,-99.85563998
NLA06608-0529,47.13067787,-119.3444033
NLA06608-0530,31.05989968,-81.41318945
NLA06608-0531,46.03407357,-99.16791062
NLA06608-0533,42.25218027,-78.29237084
NLA06608-0534,44.54893671,-123.3427366
NLA06608-0537,37.69558878,-81.05483233
NLA06608-0540,35.17104325,-99.37115228
NLA06608-0541,38.96489348,-77.33652068
NLA06608-0542,45.78575069,-88.36579346
NLA06608-0546,42.35496664,-71.47978934
NLA06608-0547,44.20672826,-89.83486415
NLA06608-0550,43.9575273,-71.96791311
NLA06608-0551,45.10832723,-94.16543951
NLA06608-0555,41.72092858,-85.00769013
NLA06608-0558,46.76330385,-96.21518776
NLA06608-0560,35.60045921,-101.6889521
NLA06608-0561,44.9484358,-116.0893222
NLA06608-0562,41.68686806,-71.61087837
NLA06608-0564,35.97480237,-105.9169159
NLA06608-0565,37.24525923,-121.9668773
NLA06608-0567,NA,NA
NLA06608-0569,34.60474441,-112.4387734
NLA06608-0570,45.44213549,-109.2242066
NLA06608-0579,46.82813877,-99.7720837
NLA06608-0580,37.17718851,-82.39104876
NLA06608-0581,43.25263859,-114.3827885
NLA06608-0582,41.80079367,-72.52468392
NLA06608-0583,31.20627441,-91.54690118
NLA06608-0585,39.48547029,-118.7245465
NLA06608-0587,41.2184867,-86.59115603
NLA06608-0588,39.33207327,-97.37484746
NLA06608-0590,45.9076374,-89.91696268
NLA06608-0591,34.13770969,-84.64584404
NLA06608-0593,48.70869757,-122.3275095
NLA06608-0594,32.37834158,-82.0648507
NLA06608-0595,45.81215092,-99.76603988
NLA06608-0596,39.07986361,-106.3650807
NLA06608-0597,43.54705816,-116.6654946
NLA06608-0599,30.29008869,-96.59781441
NLA06608-0606,45.97262852,-90.50816425
NLA06608-0608,36.59007254,-89.26969107
NLA06608-0609,28.06126866,-82.27729181
NLA06608-0610,42.69263134,-71.37033754
NLA06608-0611,42.96486056,-89.25315145
NLA06608-0614,43.37772894,-123.2663141
NLA06608-0616,36.72480919,-98.88888117
NLA06608-0617,35.06360996,-111.4965509
NLA06608-0618,31.44842292,-86.43728338
NLA06608-0619,42.32382664,-85.4673404
NLA06608-0622,45.88174092,-95.33234259
NLA06608-0623,41.05988927,-81.33090253
NLA06608-0624,39.37683345,-89.02743535
NLA06608-0625,44.9542938,-118.185992
NLA06608-0627,44.88794649,-88.47752258
NLA06608-0628,35.75923154,-105.1444713
NLA06608-0630,46.30058363,-87.77935818
NLA06608-0632,38.35723526,-94.63514177
NLA06608-0634,47.92494929,-101.229344
NLA06608-0635,40.33678843,-105.1267735
NLA06608-0637,40.13391202,-111.0580729
NLA06608-0641,48.41850157,-117.6640598
NLA06608-0648,42.26770067,-99.24832271
NLA06608-0649,38.47616444,-119.9997339
NLA06608-0650,44.64209925,-111.3963618
NLA06608-0651,33.46835151,-86.64445451
NLA06608-0654,45.98738228,-89.35046545
NLA06608-0657,46.16786106,-69.00218537
NLA06608-0658,44.02383508,-124.0796101
NLA06608-0659,48.18807378,-98.0662251
NLA06608-0660,39.71562707,-86.21172985
NLA06608-0661,41.55549527,-75.70704866
NLA06608-0662,45.0802966,-71.35188791
NLA06608-0663,44.92721305,-97.43982726
NLA06608-0665,35.05339361,-79.2076193
NLA06608-0671,40.68974933,-110.3847622
NLA06608-0672,38.70179794,-90.09502746
NLA06608-0674,42.54198776,-72.95778821
NLA06608-0677,42.77335151,-118.4455268
NLA06608-0678,43.96358712,-121.7804825
NLA06608-0679,44.90726755,-93.24239687
NLA06608-0681,38.82260279,-80.60188986
NLA06608-0686,45.99294588,-95.68760607
NLA06608-0687,38.99708032,-108.0511211
NLA06608-0690,41.98954668,-71.59739563
NLA06608-0692,40.67141407,-99.05552208
NLA06608-0693,37.14825035,-119.5133735
NLA06608-0696,34.94582155,-97.4757382
NLA06608-0707,46.89271512,-99.41657772
NLA06608-0709,28.86654374,-81.68245579
NLA06608-0710,41.76007924,-70.65663265
NLA06608-0711,30.75107327,-93.11140261
NLA06608-0712,32.02985585,-97.62566712
NLA06608-0713,39.40494689,-120.0971121
NLA06608-0715,40.21754761,-105.3755247
NLA06608-0717,39.17533903,-75.53217241
NLA06608-0718,46.47746767,-103.2176549
NLA06608-0720,39.78368053,-99.96360846
NLA06608-0721,46.49688881,-122.4084721
NLA06608-0723,42.92310674,-102.0398995
NLA06608-0724,39.18947102,-85.98220181
NLA06608-0726,43.83610614,-71.09327167
NLA06608-0727,45.63873802,-97.34187017
NLA06608-0731,41.33744108,-85.59855169
NLA06608-0733,37.30165688,-115.1266278
NLA06608-0734,47.12982495,-88.31633799
NLA06608-0738,43.17765587,-72.06616228
NLA06608-0743,45.28365031,-93.84703784
NLA06608-0744,37.50728425,-96.22952255
NLA06608-0749,38.21773358,-77.66978203
NLA06608-0751,35.10090668,-84.59874917
NLA06608-0753,42.34421131,-79.32038612
NLA06608-0754,42.00008215,-71.76889368
NLA06608-0755,45.17198582,-100.0637661
NLA06608-0756,34.51995893,-97.81887716
NLA06608-0759,43.49635854,-94.58564751
NLA06608-0761,40.76283069,-74.28592633
NLA06608-0762,47.61487787,-100.827035
NLA06608-0764,41.21443378,-101.6522363
NLA06608-0765,40.16166927,-79.05267536
NLA06608-0766,47.07388772,-98.58682039
NLA06608-0769,47.46575349,-116.6086519
NLA06608-0770,33.37648429,-111.9196013
NLA06608-0771,46.43680813,-93.95778485
NLA06608-0775,31.77879706,-99.48717268
NLA06608-0779,43.74155805,-97.60321373
NLA06608-0781,40.95142274,-74.78300096
NLA06608-0782,47.97490008,-90.74589983
NLA06608-0783,40.37684898,-84.33205649
NLA06608-0785,46.87138943,-119.5708717
NLA06608-0792,33.07220847,-96.98694031
NLA06608-0793,37.62556948,-81.09987899
NLA06608-0794,42.94430277,-109.8060141
NLA06608-0797,39.46727638,-114.854418
NLA06608-0802,42.7054837,-71.92427314
NLA06608-0804,37.06616737,-87.66357675
NLA06608-0805,41.89705293,-73.44716258
NLA06608-0806,44.32604728,-72.33303748
NLA06608-0807,45.45388265,-97.66989004
NLA06608-0808,37.80780498,-94.20696738
NLA06608-0809,34.27511413,-110.0619092
NLA06608-0811,41.58503646,-84.93075504
NLA06608-0812,31.89202532,-90.60117826
NLA06608-0815,32.0700273,-84.29705466
NLA06608-0820,36.04319959,-85.58769282
NLA06608-0823,45.50212807,-92.42758598
NLA06608-0824,36.70415139,-96.41964993
NLA06608-0825,37.65022613,-113.5241332
NLA06608-0827,39.99504396,-105.1123455
NLA06608-0828,33.14728992,-90.35247929
NLA06608-0830,47.3145341,-99.4057224
NLA06608-0831,35.06224794,-82.6926486
NLA06608-0833,48.90066286,-113.79482
NLA06608-0834,33.56505966,-111.5195726
NLA06608-0836,35.73708099,-109.5195801
NLA06608-0837,43.32832525,-113.9260195
NLA06608-0842,44.98259563,-109.5385322
NLA06608-0843,33.28828061,-87.1410494
NLA06608-0846,45.71258308,-89.88634684
NLA06608-0847,40.52821138,-84.49692799
NLA06608-0849,48.09040077,-124.6325273
NLA06608-0850,40.76400873,-111.3907566
NLA06608-0851,45.77265865,-99.64102241
NLA06608-0856,34.28484155,-97.17104914
NLA06608-0857,36.17652473,-79.76105079
NLA06608-0859,42.78877715,-88.21979209
NLA06608-0860,41.77555566,-91.58457902
NLA06608-0862,46.13959313,-90.20943735
NLA06608-0863,40.55157389,-81.23795266
NLA06608-0864,38.29984345,-102.7593225
NLA06608-0865,28.0262635,-81.90969367
NLA06608-0868,37.61578723,-87.85835615
NLA06608-0869,41.41393411,-75.02535883
NLA06608-0870,44.31491354,-122.045902
NLA06608-0871,45.39184932,-96.09372175
NLA06608-0872,37.70523851,-97.05592896
NLA06608-0873,34.78754469,-111.2309008
NLA06608-0874,43.49984691,-86.02363273
NLA06608-0875,42.42600499,-84.93952274
NLA06608-0877,33.39970863,-114.7162522
NLA06608-0878,46.41279009,-95.49202478
NLA06608-0880,39.61349449,-102.1976293
NLA06608-0881,44.68078415,-118.0488641
NLA06608-0885,33.74732977,-117.4401855
NLA06608-0889,41.21831815,-116.5204573
NLA06608-0890,48.04237609,-90.41206384
NLA06608-0891,41.22739765,-103.8250886
NLA06608-0893,40.4600301,-81.16283175
NLA06608-0895,34.36046201,-109.3629591
NLA06608-0899,46.64962378,-99.42139052
NLA06608-0900,38.72322531,-88.7625553
NLA06608-0904,42.30712511,-96.33164966
NLA06608-0905,39.17160197,-119.9011897
NLA06608-0906,43.6433943,-110.7964762
NLA06608-0913,46.37074669,-69.22852777
NLA06608-0914,44.76665588,-67.69897876
NLA06608-0915,47.5788475,-96.23531854
NLA06608-0916,38.79124097,-105.1063987
NLA06608-0918,45.63487825,-70.36060192
NLA06608-0921,35.95443189,-78.57809968
NLA06608-0922,44.47271336,-106.753151
NLA06608-0924,42.53265394,-100.5913035
NLA06608-0925,36.11204382,-114.4484101
NLA06608-0926,46.27836202,-91.03611959
NLA06608-0927,40.19262068,-109.6839624
NLA06608-0929,46.17967552,-113.2957121
NLA06608-0930,43.53559883,-71.50812009
NLA06608-0931,44.98525558,-88.71706451
NLA06608-0933,43.92928469,-118.1523968
NLA06608-0934,43.73306814,-122.0409127
NLA06608-0935,44.6510154,-93.4604842
NLA06608-0938,43.23125297,-86.30206191
NLA06608-0940,41.95704191,-103.5258501
NLA06608-0942,47.07257278,-94.60223274
NLA06608-0943,34.80260226,-84.26055969
NLA06608-0944,48.20653603,-108.0879027
NLA06608-0946,41.83996337,-72.19612696
NLA06608-0950,43.16774073,-108.1947009
NLA06608-0955,41.17631286,-105.2328863
NLA06608-0957,39.30139975,-80.56008707
NLA06608-0958,47.58810945,-93.38326019
NLA06608-0961,47.48939455,-116.6865573
NLA06608-0962,41.5184953,-111.7340667
NLA06608-0967,43.80089109,-99.23771294
NLA06608-0968,42.73174291,-94.90058432
NLA06608-0970,42.99833218,-109.8796554
NLA06608-0971,40.11693151,-85.28406916
NLA06608-0972,35.52867929,-98.02595094
NLA06608-0974,46.47568516,-88.19188615
NLA06608-0979,43.76811956,-103.5189045
NLA06608-0980,37.39564741,-88.68475272
NLA06608-0982,44.4465184,-71.81170513
NLA06608-0984,33.88536118,-94.93952456
NLA06608-0986,31.30336949,-89.43494988
NLA06608-0987,41.5778835,-85.66354429
NLA06608-0989,37.12266583,-77.63605975
NLA06608-0990,46.23655366,-94.33635911
NLA06608-0993,44.15403952,-74.44475781
NLA06608-0994,43.12163391,-72.08775683
NLA06608-0996,36.47751354,-104.8975432
NLA06608-0997,43.7347358,-73.1843614
NLA06608-1001,34.32056025,-80.6282663
NLA06608-1002,47.64355769,-109.1837945
NLA06608-1003,42.08121003,-86.2119506
NLA06608-1005,37.95715701,-77.88158812
NLA06608-1006,47.23309947,-100.0594809
NLA06608-1007,38.93435896,-83.77648752
NLA06608-1008,47.88073795,-112.3116306
NLA06608-1010,41.44985958,-73.28915784
NLA06608-1012,40.39202891,-93.85323148
NLA06608-1014,42.58198097,-83.84598941
NLA06608-1015,43.15037396,-94.65372904
NLA06608-1016,35.87344908,-96.55655629
NLA06608-1018,47.66755087,-90.98929854
NLA06608-1022,47.13645291,-99.05940629
NLA06608-1024,48.89586156,-99.71336093
NLA06608-1034,42.74490767,-83.30980035
NLA06608-1035,43.30580348,-94.69023855
NLA06608-1036,39.01484504,-95.2899994
NLA06608-1037,40.30650105,-74.13720525
NLA06608-1038,47.76285371,-91.60874473
NLA06608-1039,33.29231012,-84.47502308
NLA06608-1041,47.72869709,-119.5926045
NLA06608-1044,34.83840643,-87.94670174
NLA06608-1045,42.49728089,-77.14614162
NLA06608-1047,31.15363176,-94.22515856
NLA06608-1052,39.61456971,-99.18240152
NLA06608-1055,39.92081406,-81.46928239
NLA06608-1056,38.08837766,-91.4520229
NLA06608-1057,47.26690206,-121.094003
NLA06608-1058,42.36491565,-122.2142097
NLA06608-1059,44.00551584,-88.41583313
NLA06608-1060,37.66794161,-88.83968274
NLA06608-1070,46.09724016,-97.23727075
NLA06608-1073,45.22936379,-117.2723703
NLA06608-1075,45.35264891,-89.47240376
NLA06608-1083,39.99374059,-104.5793379
NLA06608-1086,47.34437749,-100.0458254
NLA06608-1087,35.05636423,-82.33960673
NLA06608-1089,47.92615582,-114.4032969
NLA06608-1091,46.64279018,-99.57669472
NLA06608-1096,42.80283231,-98.6667271
NLA06608-1100,39.03618262,-94.76922848
NLA06608-1101,41.16921419,-74.46409963
NLA06608-1102,48.04272711,-91.80243774
NLA06608-1103,40.20925528,-83.14039964
NLA06608-1107,45.8905697,-99.03925508
NLA06608-1108,39.3479549,-88.46818961
NLA06608-1111,44.4306514,-96.29029954
NLA06608-1113,35.77714248,-81.33787615
NLA06608-1114,30.47157668,-88.61279338
NLA06608-1115,41.63897307,-87.52959736
NLA06608-1119,40.75775549,-109.6229151
NLA06608-1120,37.14689417,-90.79086629
NLA06608-1122,42.25855906,-71.89175564
NLA06608-1124,36.60379676,-104.6397618
NLA06608-1125,41.93751914,-73.45450471
NLA06608-1129,34.53807855,-111.2044517
NLA06608-1130,42.61982031,-85.19601255
NLA06608-1131,41.67158213,-85.0498935
NLA06608-1134,46.97378202,-95.6550605
NLA06608-1141,34.55063761,-118.1208238
NLA06608-1143,45.72351557,-92.16793858
NLA06608-1145,40.1116141,-75.86305014
NLA06608-1147,40.48406381,-104.9010317
NLA06608-1148,42.14994307,-101.8384538
NLA06608-1150,48.1652,-92.1073
NLA06608-1151,34.03321325,-109.4367421
NLA06608-1153,48.57775125,-113.9310021
NLA06608-1155,47.07428022,-99.63067111
NLA06608-1162,44.4305782,-83.92046803
NLA06608-1163,40.91152674,-86.33837152
NLA06608-1164,35.20544322,-96.55493352
NLA06608-1166,46.00218518,-89.61298609
NLA06608-1167,42.12121846,-84.32304093
NLA06608-1170,41.18833129,-111.3838226
NLA06608-1172,39.27755438,-86.21196867
NLA06608-1174,45.3365943,-70.66749327
NLA06608-1175,44.99912944,-94.33670269
NLA06608-1177,35.03251939,-79.04177704
NLA06608-1179,42.28383032,-88.12382987
NLA06608-1181,35.81387892,-78.52879549
NLA06608-1183,40.67877769,-110.7617077
NLA06608-1185,27.84728979,-82.77867302
NLA06608-1189,41.70034673,-74.67614714
NLA06608-1190,44.09045524,-123.2880836
NLA06608-1191,30.00872033,-97.82195391
NLA06608-1195,41.4148842,-86.47363857
NLA06608-1198,46.41930203,-95.84039173
NLA06608-1199,39.60724635,-84.96948125
NLA06608-1202,41.83856383,-71.60512175
NLA06608-1204,34.43173761,-93.09093394
NLA06608-1206,46.04071508,-86.80571961
NLA06608-1207,45.31579126,-92.56438855
NLA06608-1208,38.75947482,-97.16290101
NLA06608-1209,41.09921102,-75.52182529
NLA06608-1210,47.86472229,-101.513509
NLA06608-1217,48.27375687,-117.3323799
NLA06608-1219,47.0508466,-99.45309149
NLA06608-1220,35.67385009,-88.31948013
NLA06608-1222,41.65548495,-70.3351834
NLA06608-1223,43.3824436,-93.4830767
NLA06608-1224,33.16058732,-96.10401913
NLA06608-1227,40.49021653,-86.00305553
NLA06608-1232,39.29721636,-91.00152146
NLA06608-1236,35.55992713,-105.1611962
NLA06608-1238,44.04226327,-70.52645971
NLA06608-1239,45.2385433,-94.95291673
NLA06608-1240,34.52419902,-96.50308213
NLA06608-1241,36.11835531,-79.31994397
NLA06608-1242,43.80794846,-87.97829791
NLA06608-1243,41.49584791,-85.4335164
NLA06608-1244,42.56509972,-100.4927777
NLA06608-1245,34.93309188,-77.10378647
NLA06608-1255,45.29000323,-98.76204738
NLA06608-1256,38.12568993,-96.3103986
NLA06608-1258,43.15032025,-85.47563891
NLA06608-1259,41.37196888,-106.250251
NLA06608-1261,38.38375695,-115.1046656
NLA06608-1262,46.56718218,-94.32426564
NLA06608-1263,38.79221156,-84.64320588
NLA06608-1266,42.11998183,-119.9976109
NLA06608-1268,41.47722075,-92.46023666
NLA06608-1269,38.50816105,-121.5358129
NLA06608-1270,43.35530141,-109.3834683
NLA06608-1271,43.4613251,-95.17264515
NLA06608-1273,40.93548087,-74.25538694
NLA06608-1274,47.91515143,-90.34231242
NLA06608-1278,48.02547609,-98.90066684
NLA06608-1279,36.03990354,-106.8487839
NLA06608-1281,48.13500634,-116.1556177
NLA06608-1283,45.88816389,-93.27559075
NLA06608-1284,36.82323361,-107.4638244
NLA06608-1288,33.7202532,-94.00429471
NLA06608-1292,39.00104547,-95.78283152
NLA06608-1295,33.15857155,-107.2214132
NLA06608-1297,46.69346715,-119.6483226
NLA06608-1300,35.50355494,-104.225471
NLA06608-1303,44.23115242,-93.52895007
NLA06608-1312,38.09909757,-91.05983943
NLA06608-1316,36.92159955,-87.45542965
NLA06608-1319,45.11768598,-97.52639653
NLA06608-1321,39.29458754,-111.2808196
NLA06608-1323,32.75598701,-86.38310821
NLA06608-1326,46.70141186,-95.74783021
NLA06608-1329,45.06812814,-116.1697398
NLA06608-1332,36.98625493,-87.20570041
NLA06608-1333,43.45496226,-73.58980356
NLA06608-1334,45.41487262,-84.8141022
NLA06608-1336,36.38727048,-96.82323491
NLA06608-1338,46.01155947,-109.1798402
NLA06608-1339,40.22325219,-104.9498215
NLA06608-1342,47.74255874,-92.04084194
NLA06608-1344,48.39247752,-112.5192316
NLA06608-1346,39.46934013,-79.49885507
NLA06608-1347,47.06934153,-92.00103922
NLA06608-1348,36.6106656,-81.96674875
NLA06608-1349,28.6321424,-81.35527406
NLA06608-1354,45.22274702,-108.0874125
NLA06608-1355,41.2045164,-86.40554386
NLA06608-1356,35.52043358,-94.97046064
NLA06608-1358,46.47136195,-89.57932002
NLA06608-1359,40.18853553,-83.96549218
NLA06608-1360,40.43031936,-101.5543964
NLA06608-1364,35.37135679,-86.38156179
NLA06608-1365,42.97430171,-76.06888458
NLA06608-1367,44.82453402,-96.61488782
NLA06608-1368,33.73044411,-96.77580307
NLA06608-1369,36.15830485,-79.8531667
NLA06608-1370,43.70497197,-86.4262233
NLA06608-1372,35.19765383,-98.48714525
NLA06608-1375,40.39083914,-83.03268885
NLA06608-1376,37.93823147,-90.92375999
NLA06608-1377,45.86857159,-113.5494291
NLA06608-1380,36.57446101,-104.6630512
NLA06608-1383,45.30460369,-95.11054773
NLA06608-1387,42.1865393,-85.57387764
NLA06608-1389,38.37918577,-75.59750212
NLA06608-1390,45.91805745,-95.39667514
NLA06608-1391,41.32867877,-81.3860772
NLA06608-1396,36.0828954,-87.28855765
NLA06608-1397,33.23824639,-116.7455847
NLA06608-1398,46.43163694,-87.08228263
NLA06608-1401,40.80373555,-77.17855996
NLA06608-1403,40.43480138,-105.0336805
NLA06608-1413,28.91616949,-81.73898503
NLA06608-1414,41.92396905,-72.2194627
NLA06608-1417,38.3383223,-121.0935467
NLA06608-1420,35.1386532,-96.23064723
NLA06608-1421,39.55390324,-75.71879453
NLA06608-1425,47.19204698,-122.9725593
NLA06608-1426,43.45220479,-124.2460047
NLA06608-1432,34.56754654,-96.87937904
NLA06608-1434,45.16828937,-84.98006407
NLA06608-1435,42.19732442,-88.10337201
NLA06608-1436,32.03729676,-99.51438874
NLA06608-1439,40.29789402,-110.2260262
NLA06608-1445,42.91810958,-118.8530937
NLA06608-1446,43.79630195,-122.0175362
NLA06608-1447,45.07468594,-93.12813859
NLA06608-1450,43.62007294,-85.28373604
NLA06608-1454,45.84991802,-95.71390587
NLA06608-1455,39.04408399,-107.9174634
NLA06608-1460,40.75747354,-93.23879955
NLA06608-1461,37.59934642,-118.7415562
NLA06608-1462,46.53835681,-106.0071156
NLA06608-1465,40.86760893,-75.59640959
NLA06608-1469,33.29934403,-81.89397192
NLA06608-1473,47.89085231,-116.8933801
NLA06608-1476,39.74858029,-105.0447684
NLA06608-1481,40.4943852,-121.1629233
NLA06608-1482,30.96113096,-83.65565657
NLA06608-1483,40.05557242,-105.7470049
NLA06608-1484,35.56295097,-93.63774725
NLA06608-1487,42.21589801,-83.58466323
NLA06608-1488,34.73428918,-99.69530507
NLA06608-1489,46.98630288,-122.5690307
NLA06608-1492,39.27166676,-85.19021469
NLA06608-1496,33.66930447,-97.58547265
NLA06608-1499,41.24575191,-85.4301129
NLA06608-1504,36.94491397,-90.33519277
NLA06608-1508,36.42564729,-103.6053539
NLA06608-1510,47.82117438,-105.0491133
NLA06608-1511,45.53502027,-98.61515943
NLA06608-1515,42.4782951,-86.06684183
NLA06608-1517,38.54281635,-77.39673538
NLA06608-1521,42.23824443,-111.8514915
NLA06608-1524,34.37371637,-98.33929384
NLA06608-1527,43.45913401,-94.94774508
NLA06608-1529,40.69513442,-118.2790314
NLA06608-1532,40.98769585,-90.40120603
NLA06608-1537,48.1617266,-116.6384102
NLA06608-1538,39.70351201,-78.6526009
NLA06608-1544,42.27012122,-93.63628619
NLA06608-1556,39.00356446,-87.18335673
NLA06608-1558,44.87930566,-68.22639407
NLA06608-1560,32.79008634,-94.63440593
NLA06608-1561,37.67100497,-81.07000814
NLA06608-1562,42.59773028,-110.2208282
NLA06608-1564,35.17164162,-99.07549332
NLA06608-1568,36.53187298,-99.56836014
NLA06608-1569,27.74198501,-81.49933161
NLA06608-1572,37.2690553,-87.52287716
NLA06608-1575,45.18456035,-97.78599752
NLA06608-1576,38.3067683,-93.9527628
NLA06608-1577,34.18074648,-110.0007541
NLA06608-1578,45.18292402,-104.9019583
NLA06608-1579,41.68969844,-85.02710067
NLA06608-1586,41.6889871,-71.64332202
NLA06608-1593,34.58721435,-112.4185161
NLA06608-1595,40.18092494,-105.0386785
NLA06608-1596,41.75274586,-102.414217
NLA06608-1600,48.31132355,-109.0848391
NLA06608-1602,33.58147205,-111.2821257
NLA06608-1608,32.36858804,-93.40450977
NLA06608-1610,45.08626125,-109.7887823
NLA06608-1617,47.57177224,-122.7050326
NLA06608-1623,30.24052123,-96.811485
NLA06608-1626,43.93573285,-86.44210317
NLA06608-1630,28.57555508,-100.125119
NLA06608-1631,40.76550232,-109.297264
NLA06608-1633,44.95420653,-112.8818444
NLA06608-1637,41.69547753,-75.13211804
NLA06608-1638,44.37178143,-121.8732089
NLA06608-1640,38.16675267,-92.96597494
NLA06608-1641,35.02168819,-111.4016776
NLA06608-1643,42.47147986,-85.52570292
NLA06608-1649,43.98761718,-73.57062703
NLA06608-1652,36.25057107,-87.19195879
NLA06608-1653,33.8011914,-117.8101552
NLA06608-1654,46.57403434,-87.46065203
NLA06608-1655,45.27488186,-99.20744764
NLA06608-1668,35.93942679,-83.36502827
NLA06608-1672,32.94460555,-96.45361334
NLA06608-1674,44.54399881,-110.8356239
NLA06608-1675,40.70732923,-106.4529904
NLA06608-1679,42.27599914,-84.21804073
NLA06608-1684,39.72458032,-86.71612329
NLA06608-1687,44.92879744,-97.20984727
NLA06608-1690,44.63943331,-85.78652164
NLA06608-1695,40.80705076,-110.4052879
NLA06608-1703,44.56839036,-98.12948201
NLA06608-1704,37.66812885,-94.41073448
NLA06608-1706,43.8526781,-84.77214787
NLA06608-1707,41.90886578,-85.89436967
NLA06608-1711,34.45201248,-84.28783121
NLA06608-1715,29.17488107,-100.6327156
NLA06608-1717,37.66307499,-120.2127256
NLA06608-1719,45.69469839,-99.36144816
NLA06608-1723,41.12631962,-104.6434502
NLA06608-1724,40.6317324,-89.74974737
NLA06608-1733,28.86052041,-81.83827648
NLA06608-1735,30.83484459,-93.43654813
NLA06608-1736,42.48914716,-94.62644563
NLA06608-1739,39.96491779,-105.4935103
NLA06608-1740,38.93960606,-93.59341677
NLA06608-1741,38.98853133,-75.51940815
NLA06608-1742,46.61381657,-88.57570293
NLA06608-1748,39.27108433,-106.3934507
NLA06608-1753,37.5230213,-112.775909
NLA06608-1755,41.22616709,-85.65003151
NLA06608-1758,47.4572505,-88.09978566
NLA06608-1771,42.38046521,-86.04732991
NLA06608-1775,38.71328174,-84.27550077
NLA06608-1781,38.07782516,-122.7390485
NLA06608-1782,42.51672191,-83.79630834
NLA06608-1789,40.35385773,-78.62336887
NLA06608-1791,36.00712806,-84.89743874
NLA06608-1793,47.51898587,-116.5648809
NLA06608-1796,37.69858857,-84.22950013
NLA06608-1800,32.67017525,-94.07719555
NLA06608-1802,42.724557,-83.0854123
NLA06608-1804,35.56351286,-97.59469662
NLA06608-1808,34.53602508,-92.27046792
NLA06608-1810,41.37548466,-112.0887628
NLA06608-1811,45.85197672,-99.26054177
NLA06608-1812,35.41307522,-88.07467739
NLA06608-1818,42.92535091,-109.5044313
NLA06608-1821,39.2163059,-76.85373663
NLA06608-1822,46.55919455,-91.39356434
NLA06608-1824,37.38811004,-99.78499302
NLA06608-1825,27.94018842,-81.65126772
NLA06608-1835,41.58003713,-84.92314417
NLA06608-1836,42.40712576,-102.4533862
NLA06608-1839,32.48418587,-83.65078368
NLA06608-1840,38.94599172,-89.35469451
NLA06608-1851,40.0790377,-105.2202074
NLA06608-1856,48.96608649,-109.7595449
NLA06608-1857,48.24691045,-114.1206134
NLA06608-1861,29.45531325,-81.49557857
NLA06608-1862,41.9295553,-119.1772641
NLA06608-1863,31.10386776,-92.47015483
NLA06608-1866,44.78661536,-109.2590365
NLA06608-1867,41.04149545,-85.97905159
NLA06608-1868,34.95362675,-96.71820695
NLA06608-1871,33.32151835,-85.81281289
NLA06608-1873,47.48799465,-123.2647195
NLA06608-1874,40.9489845,-111.4100029
NLA06608-1879,44.53735651,-97.15487079
NLA06608-1884,41.79161289,-91.53532783
NLA06608-1893,41.40500676,-117.1542995
NLA06608-1894,44.01638017,-121.7437064
NLA06608-1906,41.8621338,-71.55317818
NLA06608-1908,38.06356571,-86.6622935
NLA06608-1910,45.87339726,-87.80067574
NLA06608-1920,48.57418374,-103.6650787
NLA06608-1930,44.10051186,-111.4734759
NLA06608-1936,38.79320182,-90.78180772
NLA06608-1948,42.53347335,-100.645836
NLA06608-1953,47.09945654,-113.4075253
NLA06608-1958,43.66297627,-122.4216059
NLA06608-1959,45.74264146,-98.27345753
NLA06608-1960,36.89068214,-95.95265017
NLA06608-1968,48.13399568,-108.1899505
NLA06608-1975,43.34114476,-95.12645329
NLA06608-1985,47.44868765,-116.7986927
NLA06608-1989,42.20463561,-114.8849259
NLA06608-1992,32.45275022,-96.06121126
NLA06608-1998,46.60064001,-88.11725533
NLA06608-2005,42.29737384,-116.1124743
NLA06608-2007,45.75699008,-97.32017864
NLA06608-2009,35.1098162,-81.98461692
NLA06608-2010,31.19633242,-89.30335606
NLA06608-2027,42.23979744,-105.6303731
NLA06608-2036,41.438567,-93.55033929
NLA06608-2037,39.58892136,-118.6723206
NLA06608-2039,43.10411616,-94.8984756
NLA06608-2049,48.02025253,-115.0345388
NLA06608-2056,41.46947164,-93.92045814
NLA06608-2072,32.25404093,-95.80076799
NLA06608-2074,30.43355432,-84.55501792
NLA06608-2076,35.15138649,-93.42662016
NLA06608-2078,46.25503439,-88.08997243
NLA06608-2082,42.15461031,-122.604228
NLA06608-2086,44.76243413,-71.95369474
NLA06608-2087,45.55715378,-97.41707065
NLA06608-2091,32.35269226,-86.4904329
NLA06608-2092,32.71198757,-91.70350594
NLA06608-2094,29.09294251,-97.08741125
NLA06608-2095,42.26046912,-109.4378273
NLA06608-2103,44.8372406,-99.90500153
NLA06608-2114,39.68548262,-79.23037518
NLA06608-2117,28.62054969,-81.62295072
NLA06608-2120,32.59316136,-98.3167486
NLA06608-2123,44.32793888,-97.11672553
NLA06608-2131,45.89624924,-99.10161914
NLA06608-2134,45.89266323,-122.7435687
NLA06608-2135,44.70838784,-96.47788918
NLA06608-2137,36.95945142,-81.80846875
NLA06608-2152,37.86533238,-93.30478979
NLA06608-2154,31.26784195,-86.94775581
NLA06608-2155,41.627105,-85.02364851
NLA06608-2162,41.51134268,-71.57318015
NLA06608-2170,47.30587695,-112.4310378
NLA06608-2177,48.671943,-114.7318229
NLA06608-2185,38.66086617,-119.5263528
NLA06608-2187,33.34594089,-87.37906057
NLA06608-2193,46.42117993,-124.0355672
NLA06608-2196,39.29388434,-86.46070725
NLA06608-2217,34.42382884,-111.0882147
NLA06608-2219,41.29977616,-86.40845658
NLA06608-2241,48.15398688,-117.3187643
NLA06608-2250,44.3017541,-110.6285367
NLA06608-2253,38.96688176,-75.50048849
NLA06608-2257,47.40938386,-122.7842929
NLA06608-2260,35.66711339,-105.2417642
NLA06608-2266,44.18421481,-106.7589307
NLA06608-2267,41.51785892,-85.30057505
NLA06608-2283,41.28530465,-85.78630168
NLA06608-2305,48.18605537,-116.526784
NLA06608-2313,40.04718141,-119.5715783
NLA06608-2318,47.2749168,-100.3980476
NLA06608-2322,41.5055322,-111.3273337
NLA06608-2332,40.05253403,-99.29615617
NLA06608-2333,38.64326192,-75.54919462
NLA06608-2345,39.34812677,-110.9481455
NLA06608-2354,41.70544844,-71.45889451
NLA06608-2372,36.27424052,-109.2028896
NLA06608-2378,NA,NA
NLA06608-2379,41.24777405,-105.7229345
NLA06608-2418,41.56220482,-71.48008029
NLA06608-2426,47.6347722,-110.4842973
NLA06608-2429,40.34377825,-111.0606041
NLA06608-2438,42.06680514,-119.5634013
NLA06608-2450,43.63179046,-124.1791164
NLA06608-2453,41.80418482,-116.2369826
NLA06608-2457,37.43723737,-113.0490711
NLA06608-2463,40.17561013,-110.4836109
NLA06608-2466,42.7469444,-72.83550844
NLA06608-2477,37.56936135,-115.2249025
NLA06608-2481,43.98862837,-119.3927622
NLA06608-2492,34.46882558,-89.67674079
NLA06608-2497,48.00821961,-116.9701212
NLA06608-2507,40.07519519,-86.05550077
NLA06608-2513,47.12645264,-122.5695514
NLA06608-2523,41.34688657,-85.42886396
NLA06608-2524,31.95537014,-91.220466
NLA06608-2565,28.32320111,-81.22725223
NLA06608-2566,41.37985994,-71.79479768
NLA06608-2593,28.09206749,-81.70719212
NLA06608-2609,44.39373075,-75.67976887
NLA06608-2629,28.84049942,-81.27149823
NLA06608-2634,44.94116736,-109.5249202
NLA06608-2640,40.36172307,-100.7046995
NLA06608-2644,39.07938034,-85.24189644
NLA06608-2655,40.7243904,-109.1842208
NLA06608-2657,28.16841151,-81.83359773
NLA06608-2663,29.20565727,-95.35917721
NLA06608-2673,44.30658171,-118.6850367
NLA06608-2685,40.68363702,-110.9547924
NLA06608-2696,32.83669456,-96.71957024
NLA06608-2704,35.8844838,-100.1852787
NLA06608-2708,39.54217646,-86.49533079
NLA06608-2714,43.82780189,-104.1093535
NLA06608-2715,41.99075603,-103.61424
NLA06608-2726,43.71378677,-121.7665432
NLA06608-2740,41.3080934,-98.9014409
NLA06608-2753,47.57068723,-117.6889884
NLA06608-2759,30.75592819,-98.68391282
NLA06608-2761,37.0434,-80.86760868
NLA06608-2776,33.49584507,-96.95936703
NLA06608-2779,41.27976472,-85.70517583
NLA06608-2790,48.05490061,-106.4419746
NLA06608-2797,37.90843469,-114.2657582
NLA06608-2800,47.68047784,-112.4694584
NLA06608-2801,42.08566286,-112.689224
NLA06608-2807,31.90669248,-97.41861663
NLA06608-2823,31.30497665,-92.73927816
NLA06608-2824,41.76446957,-98.66031309
NLA06608-2831,34.14749294,-85.7918613
NLA06608-2833,47.91744626,-120.162242
NLA06608-2874,46.93083483,-111.9632243
NLA06608-2881,48.45304308,-114.3847139
NLA06608-2889,38.70359768,-118.7179736
NLA06608-2891,41.23224913,-85.98525778
NLA06608-2916,38.21335519,-87.11698635
NLA06608-2924,32.23865835,-101.3157296
NLA06608-2950,40.76439588,-122.2541896
NLA06608-2954,44.02361323,-111.6037333
NLA06608-2955,33.65964382,-86.09850223
NLA06608-2972,42.45293416,-100.6489685
NLA06608-2979,45.24419324,-88.70016387
NLA06608-2987,41.67863226,-86.36950208
NLA06608-2996,33.9804795,-98.7099336
NLA06608-3030,44.95572697,-71.71766789
NLA06608-3031,45.69877035,-97.44011662
NLA06608-3032,33.8415669,-97.25082795
NLA06608-3035,41.55099685,-85.2868168
NLA06608-3063,43.17179588,-94.90593006
NLA06608-3074,39.13365249,-78.59720705
NLA06608-3083,30.85367701,-95.34226168
NLA06608-3096,32.11659958,-96.14918065
NLA06608-3121,44.96425232,-116.4627992
NLA06608-3127,44.8826344,-99.74168521
NLA06608-3147,41.07671003,-86.46324645
NLA06608-3153,48.66028929,-122.81678
NLA06608-3157,43.54942519,-115.7987142
NLA06608-3160,41.03616856,-96.83877045
NLA06608-3169,26.95353654,-80.86284718
NLA06608-3177,38.04946334,-111.6019686
NLA06608-3228,32.57024595,-99.68261832
NLA06608-3265,48.05647979,-117.40861
NLA06608-3303,29.24614674,-98.37720987
NLA06608-3313,42.12319331,-111.8362486
NLA06608-3320,34.9019537,-94.76570179
NLA06608-3329,48.45790588,-116.8243679
NLA06608-3480,34.62968086,-97.08993955
NLA06608-3484,42.62695121,-100.6121255
NLA06608-3532,39.499124,-98.3634546
NLA06608-3586,33.46313824,-80.3893452
NLA06608-3599,40.14319362,-107.117692
NLA06608-3608,41.97536219,-97.23610354
NLA06608-3613,39.13192095,-77.1313764
NLA06608-3616,36.05807999,-99.92247803
NLA06608-3644,41.78762341,-102.5219147
NLA06608-3656,42.41646632,-99.29106061
NLA06608-3660,40.15668653,-96.77970247
NLA06608-3698,41.8912358,-71.68379017
NLA06608-3700,36.17599422,-104.8160803
NLA06608-3750,43.56495608,-121.9830847
NLA06608-3760,48.83419438,-108.0100019
NLA06608-3839,36.79890899,-108.1040209
NLA06608-3846,41.39410498,-71.66573009
NLA06608-3890,41.58007689,-71.79802709
NLA06608-3911,30.53700933,-92.44170192
NLA06608-3968,48.84940875,-104.0593666
NLA06608-4005,43.32606664,-73.81278904
NLA06608-4055,45.71082611,-97.4684742
NLA06608-4056,36.1288586,-98.61372953
NLA06608-4064,36.84862392,-102.875142
NLA06608-4119,41.05566632,-81.54576139
NLA06608-4156,37.35169484,-87.52614577
NLA06608-4206,35.92127588,-97.41304704
NLA06608-4252,43.49645148,-72.91838876
NLA06608-4287,35.67437636,-87.03244737
NLA06608-4320,36.74858993,-96.85512233
NLA06608-4354,41.48115412,-85.34084746
NLA06608-4382,34.72903765,-97.77305321
NLA06608-4413,41.92028511,-71.76906052
NLA06608-4414,34.8862297,-95.16322141
NLA06608-4440,36.73591623,-97.03497789
NLA06608-4463,37.33610144,-86.15640465
NLA06608-4472,35.49856628,-97.67868053
NLA06608-4504,36.81764136,-96.04445445
NLA06608-4509,33.28949519,-87.68596227
NLA06608-4537,39.36035119,-111.9637079
NLA06608-4555,42.14582693,-76.49743796
NLA06608-4610,34.48932922,-96.98271185
NLA06608-4627,33.84530018,-111.6185016
NLA06608-4643,36.5147867,-96.19116581
NLA06608-4650,32.71459999,-92.44501566
NLA06608-4659,35.39706727,-98.70752087
NLA06608-4684,36.7118285,-108.1531642
NLA06608-4685,48.7562708,-116.0903859
NLA06608-4686,31.37791598,-92.73576699
NLA06608-4698,32.09045845,-93.48976305
NLA06608-4744,33.8293043,-109.090421
NLA06608-4760,38.51997073,-75.51111717
NLA06608-4788,40.59743375,-93.77118762
NLA06608-4796,45.60448724,-103.6125348
NLA06608-4828,34.96590119,-97.67551876
NLA06608-4867,43.37342619,-86.14530228
NLA06608-4884,39.05604224,-82.69067345
NLA06608-4923,40.4581066,-111.4811121
NLA06608-4929,34.58938281,-96.60527506
NLA06608-4938,41.62272558,-80.30498498
NLA06608-4949,36.07001774,-95.55881188
NLA06608-9999,44.64231,-71.651789
NLA06608-ACAD_LAKES_0435,44.40795237,-68.26848847
NLA06608-ALPS-1218,44.836404,-67.881905
NLA06608-ALSC:020149,44.348811,-74.401491
NLA06608-ELS:1C2-032,43.296358,-71.428103
NLA06608-ELS:1C3-003,45.65331892,-69.92710037
NLA06608-ELS:1D1-035,41.848175,-70.617682
NLA06608-ELS:1D2-087,42.323799,-72.092123
NLA06608-ELS:1E1-052,45.207071,-68.209171
NLA06608-ELS:1E1-096,45.219001,-68.077773
NLA06608-ELS:1E1-128,44.849882,-68.429254
NLA06608-ELS:1E2-027,45.799297,-69.889944
NLA06608-ELS:1E3-002,46.375055,-68.35754
NLA06608-ELS:1E3-012,46.94455082,-68.87107821
NLA06608-ELS:1E3-071,46.345672,-68.594335
NLA06608-ELS:2B2-008,46.994934,-88.759164
NLA06608-ELS:2C2-048,45.500526,-88.794652
NLA06608-ELS:2C3-018,46.13858492,-89.55284755
NLA06608-ELS:2D3-008,47.122809,-93.880503
NLA06608-EMAP:ME011L,45.748209,-69.222522
NLA06608-EMAP:ME012L,46.962321,-68.89108
NLA06608-EMAP:ME254L,46.35316404,-69.0571671
NLA06608-EMAP:ME263L,45.127611,-67.997826
NLA06608-EMAP:ME518L,45.35057045,-67.91725993
NLA06608-FL:107895579,29.080057,-81.441106
NLA06608-FL:16674741,29.839332,-81.95812
NLA06608-FL:18261987,30.118409,-82.409214
NLA06608-FL:99324403,30.211239,-82.834414
NLA06608-FL:99344895,30.247737,-82.913722
NLA06608-IN:646,41.56235,-85.392434
NLA06608-MI:7007,42.398646,-84.056809
NLA06608-MN:03-0029,47.062841,-95.181199
NLA06608-MN:06-0002,45.33182,-96.135669
NLA06608-MN:11-0102,46.928377,-94.040807
NLA06608-MN:15-0010,47.189468,-95.21841
NLA06608-MN:22-0074,43.8192,-94.078777
NLA06608-MN:49-0140,45.813111,-94.636969
NLA06608-MN:51-0063,44.15457,-95.767078
NLA06608-MN:56-0306,46.292544,-95.748497
NLA06608-MN:61-0037,45.490155,-95.364908
NLA06608-MN:74-0023,43.891574,-93.349755
NLA06608-MN:75-0200,45.528235,-96.074082
NLA06608-MN:77-0019,45.768831,-94.670256
NLA06608-MN:87-0030,44.684008,-95.532331
NLA06608-NELP-0253,45.152049,-68.094876
NLA06608-NELP-0955,46.96588126,-68.85651829
NLA06608-NELP-1041,44.36540529,-69.11384044
NLA06608-NELP-1330,46.9518,-68.843
NLA06608-NELP-2155,46.961173,-68.84294
NLA06608-NELP-3355,46.944789,-68.853062
NLA06608-NELP-3586,45.75339295,-69.07654356
NLA06608-NH250L,43.840363,-71.127398
NLA06608-NH4912,43.0229699,-72.01620486
NLA06608-NV:2,40.59289837,-115.3943091
NLA06608-NV:3,41.026475,-115.087017
NLA06608-NV:4,37.301656,-115.126627
NLA06608-OH:19,39.707435,-84.269652
NLA06608-OH:22,40.080755,-83.032824
NLA06608-R10BULLTR,44.299985,-115.253959
NLA06608-R10CAPEHO,44.412769,-115.130707
NLA06608-R10CHARLT,43.7447,-121.972108
NLA06608-R10COUNCI,46.266753,-121.629648
NLA06608-R10DEERLA,43.819275,-121.893625
NLA06608-R10FISHLA,42.736902,-118.647249
NLA06608-R10FOURMI,42.46935,-122.258622
NLA06608-R10RAINYL,48.501411,-120.737873
NLA06608-R10SQUAWL,42.040047,-123.020334
NLA06608-R10ULAKE,47.427764,-123.074122
NLA06608-R10YELLOW,44.000621,-114.875721
NLA06608-R31,39.39897,-76.98388
NLA06608-R314,37.394115,-78.637447
NLA06608-R315,38.328785,-79.227717
NLA06608-R318,37.315287,-79.819212
NLA06608-R319,37.344722,-77.1802
NLA06608-R32,39.510833,-79.142764
NLA06608-R322,36.807826,-80.079728
NLA06608-R323,36.841537,-76.649661
NLA06608-R324,37.35831624,-76.83637742
NLA06608-R326,37.43234,-76.906472
NLA06608-R328,37.042659,-80.87554
NLA06608-R333,37.3085445,-76.708009
NLA06608-R334,39.514306,-78.156495
NLA06608-R336,37.97489513,-80.95376959
NLA06608-R34,40.270346,-78.682256
NLA06608-R5:KATHRYN,46.38144014,-88.72358074
NLA06608-R5:OTTAWA,46.08242082,-88.76596013
NLA06608-R7101,42.526174,-100.668437
NLA06608-R7103,42.578207,-100.688615
NLA06608-R7104,42.526966,-100.717256
NLA06608-R7106,40.630491,-96.583853
NLA06608-R715,42.535944,-92.4014
NLA06608-R716,42.47922715,-92.38858701
NLA06608-R723,37.09714861,-96.79734734
NLA06608-R728,38.791331,-95.97942837
NLA06608-R730,38.522226,-96.42668
NLA06608-R733,38.50443,-94.68362
NLA06608-R736,38.494153,-95.815771
NLA06608-R746,38.12480224,-94.8910899
NLA06608-R750,39.469161,-96.410034
NLA06608-R759,38.948542,-98.568716
NLA06608-R764,37.23311522,-96.19042545
NLA06608-R767,37.72710205,-90.91995707
NLA06608-R769,36.636707,-91.054054
NLA06608-R770,37.38774273,-91.26161105
NLA06608-R772,38.428911,-91.480991
NLA06608-R775,38.228213,-90.53646
NLA06608-R784,42.458365,-103.116433
NLA06608-R788,42.5433,-100.7275
NLA06608-R791,41.779509,-102.446229
NLA06608-R792,41.731631,-102.436342
NLA06608-R796,41.734746,-102.397543
NLA06608-TX:10,30.751822,-98.408858
NLA06608-TX:14,30.751822,-98.408858
NLA06608-TX:15,32.441373,-98.99129
NLA06608-TX:19,31.917152,-95.293713
NLA06608-TX:22,32.044428,-94.464052
NLA06608-TX:27,31.49062,-100.50987
NLA06608-TX:29,31.003513,-97.609119
NLA06608-TX:30,33.249977,-94.332424
NLA06608-TX:5,28.503123,-98.389969
NLA06608-WI:Lowes,NA,NA
NLA06608-WI:LOWES,43.218375,-88.311533
NLA06608-WI:Sy,NA,NA
NLA06608-WI:SY,43.958982,-87.943978
NLA12_AL-101,NA,NA
NLA12_AL-102,NA,NA
NLA12_AL-103,NA,NA
NLA12_AL-104,NA,NA
NLA12_AL-105,31.62154629,-88.35373896
NLA12_AL-112,33.36486204,-88.16688028
NLA12_AL-113,30.97184148,-88.0527428
NLA12_AL-114,33.88200988,-85.9316179
NLA12_AL-R03,NA,NA
NLA12_AL-R05,NA,NA
NLA12_AR-101,NA,NA
NLA12_AR-102,NA,NA
NLA12_AR-103,NA,NA
NLA12_AR-104,NA,NA
NLA12_AR-105,33.07556301,-92.66059625
NLA12_AR-106,36.06720319,-91.14242843
NLA12_AR-109,33.81796398,-94.05998348
NLA12_AR-111,34.60033557,-92.50069818
NLA12_AZ-101,NA,NA
NLA12_AZ-102,NA,NA
NLA12_AZ-103,NA,NA
NLA12_AZ-106,NA,NA
NLA12_AZ-107,NA,NA
NLA12_AZ-118,33.38131121,-111.883581
NLA12_AZ-123,33.0266436,-114.5090632
NLA12_AZ-127,35.28501346,-112.1541634
NLA12_AZ-130,NA,NA
NLA12_AZ-140,32.8056793,-109.8626777
NLA12_AZ-143,35.11670652,-112.0134231
NLA12_AZ-145,NA,NA
NLA12_AZ-157,34.03125525,-109.4431103
NLA12_AZ-R01,NA,NA
NLA12_AZ-R02,34.16108989,-109.9796571
NLA12_CA-101,NA,NA
NLA12_CA-102,NA,NA
NLA12_CA-103,NA,NA
NLA12_CA-104,NA,NA
NLA12_CA-105,NA,NA
NLA12_CA-106,NA,NA
NLA12_CA-107,NA,NA
NLA12_CA-108,NA,NA
NLA12_CA-111,39.013583,-121.0410833
NLA12_CA-112,39.37366934,-121.2786137
NLA12_CA-116,41.22806098,-122.3816476
NLA12_CA-119,37.95383641,-120.4968436
NLA12_CA-121,36.08284307,-118.9092314
NLA12_CA-123,38.76397086,-119.9656214
NLA12_CA-128,39.72615676,-122.8416693
NLA12_CA-132,40.50757762,-122.6943291
NLA12_CA-135,38.69849847,-120.0450767
NLA12_CA-138,40.51311798,-121.1651745
NLA12_CA-141,39.09599481,-122.9319835
NLA12_CA-143,37.56448938,-121.9971818
NLA12_CA-145,37.24681552,-121.8722039
NLA12_CA-154,40.63158462,-120.00287
NLA12_CA-156,34.49328953,-117.2618539
NLA12_CA-157,37.3732653,-120.4335059
NLA12_CA-166,39.76106147,-120.7127085
NLA12_CA-167,39.30959639,-120.578516
NLA12_CA-168,NA,NA
NLA12_CA-172,33.15989079,-117.0432688
NLA12_CA-174,37.91390879,-121.6012966
NLA12_CA-180,38.72817607,-121.131213
NLA12_CA-181,37.17995179,-121.6910013
NLA12_CA-188,37.77693239,-122.1186618
NLA12_CA-190,38.06047879,-121.0282226
NLA12_CA-200,39.36848919,-120.322472
NLA12_CA-206,NA,NA
NLA12_CA-208,41.99178315,-121.8782454
NLA12_CA-212,39.96955481,-121.2222947
NLA12_CA-223,37.60310878,-119.0030315
NLA12_CA-R01,NA,NA
NLA12_CA-R02,NA,NA
NLA12_CA-R03,NA,NA
NLA12_CA-R05,40.45893329,-121.2909231
NLA12_CA-R06,40.39703508,-121.3623357
NLA12_CA-R09,38.04703186,-119.2594305
NLA12_CA-R10,40.40351019,-121.3588354
NLA12_CA-R12,40.38862429,-121.299224
NLA12_CA-R13,38.04692295,-119.2654654
NLA12_CO-101,NA,NA
NLA12_CO-102,NA,NA
NLA12_CO-103,NA,NA
NLA12_CO-104,NA,NA
NLA12_CO-105,NA,NA
NLA12_CO-106,NA,NA
NLA12_CO-107,NA,NA
NLA12_CO-108,NA,NA
NLA12_CO-109,NA,NA
NLA12_CO-110,NA,NA
NLA12_CO-111,NA,NA
NLA12_CO-114,39.03670301,-107.9111308
NLA12_CO-115,40.00305447,-107.3583306
NLA12_CO-117,37.31623199,-107.1129943
NLA12_CO-119,40.25822853,-105.604528
NLA12_CO-121,37.67328141,-107.1127777
NLA12_CO-124,39.93104164,-104.9732957
NLA12_CO-125,39.22067903,-106.3916958
NLA12_CO-127,40.12169493,-104.9459108
NLA12_CO-129,37.28488371,-104.3381595
NLA12_CO-130,39.64574357,-106.1674308
NLA12_CO-131,40.94491896,-106.0119684
NLA12_CO-133,37.54114004,-107.5965489
NLA12_CO-R01,NA,NA
NLA12_CO-R04,NA,NA
NLA12_CO-R07,NA,NA
NLA12_CO-R10,40.17407647,-107.7039121
NLA12_CT-101,NA,NA
NLA12_CT-102,NA,NA
NLA12_CT-103,NA,NA
NLA12_CT-104,NA,NA
NLA12_CT-105,NA,NA
NLA12_CT-107,41.3389906,-72.48613163
NLA12_CT-108,41.65348504,-73.20748141
NLA12_CT-115,41.71185606,-72.32903222
NLA12_CT-118,41.77454096,-71.88798099
NLA12_CT-126,41.84051817,-72.10979305
NLA12_DE-101,NA,NA
NLA12_DE-102,NA,NA
NLA12_DE-103,NA,NA
NLA12_DE-104,NA,NA
NLA12_DE-105,38.55992891,-75.62927498
NLA12_DE-107,38.86695206,-75.38016332
NLA12_DE-121,NA,NA
NLA12_FL-101,NA,NA
NLA12_FL-102,NA,NA
NLA12_FL-103,NA,NA
NLA12_FL-104,NA,NA
NLA12_FL-105,NA,NA
NLA12_FL-106,NA,NA
NLA12_FL-107,NA,NA
NLA12_FL-108,NA,NA
NLA12_FL-109,NA,NA
NLA12_FL-110,27.84218818,-81.50927927
NLA12_FL-114,28.62073805,-81.38955715
NLA12_FL-123,27.20734613,-81.35075299
NLA12_FL-126,28.02489816,-81.41000805
NLA12_FL-130,28.56416506,-81.77977349
NLA12_FL-132,26.42221393,-81.49292185
NLA12_FL-141,30.51614943,-85.70778846
NLA12_FL-R04,29.23344674,-81.90578186
NLA12_FL-R06,30.22667337,-82.43711308
NLA12_GA-101,NA,NA
NLA12_GA-102,NA,NA
NLA12_GA-103,NA,NA
NLA12_GA-104,NA,NA
NLA12_GA-105,NA,NA
NLA12_GA-107,32.63881298,-83.96692927
NLA12_GA-111,32.18276667,-83.17085941
NLA12_GA-112,33.37323584,-84.28588958
NLA12_GA-114,32.38244403,-81.92934836
NLA12_GA-118,34.54604983,-84.36246964
NLA12_GA-127,32.09647199,-82.90033962
NLA12_GA-R01,NA,NA
NLA12_GA-R11,30.83352376,-82.356882
NLA12_IA-101,NA,NA
NLA12_IA-102,NA,NA
NLA12_IA-103,NA,NA
NLA12_IA-104,NA,NA
NLA12_IA-105,NA,NA
NLA12_IA-106,NA,NA
NLA12_IA-107,NA,NA
NLA12_IA-109,43.48048198,-95.19385604
NLA12_IA-113,40.85032616,-94.07030363
NLA12_IA-120,42.62364617,-95.19096081
NLA12_IA-127,40.75439094,-92.44007539
NLA12_IA-132,42.8383562,-93.69187566
NLA12_IA-134,42.12868906,-92.72458951
NLA12_IA-150,42.43264577,-93.79604399
NLA12_IA-152,NA,NA
NLA12_IA-R01,NA,NA
NLA12_IA-R02,42.52502148,-92.40625711
NLA12_IA-R03,NA,NA
NLA12_ID-101,NA,NA
NLA12_ID-102,NA,NA
NLA12_ID-103,NA,NA
NLA12_ID-104,NA,NA
NLA12_ID-105,NA,NA
NLA12_ID-107,NA,NA
NLA12_ID-108,NA,NA
NLA12_ID-109,NA,NA
NLA12_ID-110,NA,NA
NLA12_ID-111,NA,NA
NLA12_ID-112,NA,NA
NLA12_ID-113,44.83832985,-116.0344437
NLA12_ID-121,48.00714106,-117.003822
NLA12_ID-122,42.89525373,-111.9638056
NLA12_ID-141,44.32909632,-116.1841073
NLA12_ID-142,43.99802567,-114.8891906
NLA12_ID-143,42.26425757,-116.3104956
NLA12_ID-145,44.29971223,-115.2539785
NLA12_ID-148,46.20607125,-116.8343671
NLA12_ID-149,46.68823022,-116.649551
NLA12_ID-151,43.19840666,-114.5997261
NLA12_ID-158,44.10981036,-114.9661056
NLA12_ID-165,48.01025724,-116.7078838
NLA12_ID-166,43.07839868,-112.6936589
NLA12_ID-168,45.12898626,-116.0220887
NLA12_ID-175,43.1914128,-116.9598035
NLA12_ID-180,47.51563208,-115.7316178
NLA12_ID-194,43.16587842,-115.6524756
NLA12_ID-198,44.21474968,-111.6155136
NLA12_ID-203,42.26037727,-111.4707171
NLA12_ID-205,44.97021316,-116.001262
NLA12_ID-207,48.27818524,-116.8311247
NLA12_ID-209,44.79670477,-116.7326881
NLA12_ID-210,43.94034156,-114.9417467
NLA12_ID-214,42.1873061,-113.92408
NLA12_ID-215,43.97945187,-114.8776554
NLA12_ID-216,42.53147462,-116.3645133
NLA12_ID-218,47.07386493,-115.9576667
NLA12_ID-220,45.26811761,-116.2079681
NLA12_ID-221,46.63155999,-114.3843753
NLA12_IL-103,NA,NA
NLA12_IL-104,NA,NA
NLA12_IL-105,NA,NA
NLA12_IL-106,NA,NA
NLA12_IL-109,39.44330979,-89.95992399
NLA12_IL-110,40.48022364,-88.10299877
NLA12_IL-111,38.75927501,-88.067551
NLA12_IL-112,37.82087568,-88.90132266
NLA12_IL-114,40.50804437,-90.16117672
NLA12_IL-116,37.69361669,-88.70869133
NLA12_IL-118,42.24358324,-87.96277577
NLA12_IL-120,38.75131255,-89.99244717
NLA12_IL-123,41.64802026,-87.89932476
NLA12_IL-R01,NA,NA
NLA12_IL-R03,37.48284122,-88.32581739
NLA12_IL-R04,37.51693276,-88.44687998
NLA12_IN-101,NA,NA
NLA12_IN-102,NA,NA
NLA12_IN-103,NA,NA
NLA12_IN-104,NA,NA
NLA12_IN-105,NA,NA
NLA12_IN-106,NA,NA
NLA12_IN-108,NA,NA
NLA12_IN-110,NA,NA
NLA12_IN-111,NA,NA
NLA12_IN-112,NA,NA
NLA12_IN-113,NA,NA
NLA12_IN-115,NA,NA
NLA12_IN-116,NA,NA
NLA12_IN-117,NA,NA
NLA12_IN-120,41.35308847,-85.44887465
NLA12_IN-126,39.03667912,-85.68019805
NLA12_IN-127,39.25666178,-86.37285788
NLA12_IN-128,41.28458229,-85.69379508
NLA12_IN-130,38.12291459,-86.64595821
NLA12_IN-131,39.45359873,-87.19347607
NLA12_IN-134,41.4463142,-87.16882512
NLA12_IN-135,38.30624409,-87.31604402
NLA12_IN-142,38.6607598,-85.75451022
NLA12_IN-144,41.27216801,-85.53933209
NLA12_IN-145,41.71697825,-85.65916761
NLA12_IN-146,39.18592631,-86.34303669
NLA12_IN-147,40.15369416,-85.64595131
NLA12_IN-149,NA,NA
NLA12_IN-155,39.05599546,-87.14618915
NLA12_IN-159,39.77712835,-86.53665008
NLA12_IN-160,41.32176444,-85.76856768
NLA12_IN-162,39.08573146,-86.05904543
NLA12_IN-163,39.83839159,-86.30451512
NLA12_IN-164,41.13163711,-86.26617418
NLA12_IN-166,40.9751033,-87.51101929
NLA12_IN-171,39.26151083,-86.11289562
NLA12_IN-172,41.38935735,-85.83056287
NLA12_IN-174,38.00054365,-87.34409037
NLA12_IN-179,39.76766233,-85.75665952
NLA12_IN-180,37.9689899,-87.76969281
NLA12_IN-183,38.73981144,-86.99601089
NLA12_IN-185,41.32762286,-85.45633739
NLA12_IN-186,41.72566548,-85.4639434
NLA12_IN-187,41.74894691,-84.84254259
NLA12_IN-191,38.93722484,-85.19511755
NLA12_IN-193,39.89200512,-86.11552511
NLA12_IN-196,41.42672638,-85.73792608
NLA12_IN-199,41.63635595,-85.16723461
NLA12_IN-201,39.17053772,-87.291179
NLA12_IN-202,38.4641338,-85.80769688
NLA12_KS-101,NA,NA
NLA12_KS-102,NA,NA
NLA12_KS-103,NA,NA
NLA12_KS-105,NA,NA
NLA12_KS-106,NA,NA
NLA12_KS-107,NA,NA
NLA12_KS-108,NA,NA
NLA12_KS-109,39.34884684,-95.04339042
NLA12_KS-114,38.50796545,-94.67326537
NLA12_KS-121,38.46591903,-95.73481047
NLA12_KS-122,NA,NA
NLA12_KS-124,37.3942844,-96.84852194
NLA12_KS-125,39.15644714,-94.78795224
NLA12_KS-126,37.49187855,-95.07715481
NLA12_KS-130,38.79840973,-94.76668793
NLA12_KS-138,37.63437988,-97.39649824
NLA12_KS-R02,NA,NA
NLA12_KS-R07,NA,NA
NLA12_KS-R08,NA,NA
NLA12_KS-R11,NA,NA
NLA12_KY-101,NA,NA
NLA12_KY-102,NA,NA
NLA12_KY-103,NA,NA
NLA12_KY-104,36.50433221,-89.33692644
NLA12_KY-107,NA,NA
NLA12_KY-114,NA,NA
NLA12_KY-116,NA,NA
NLA12_KY-117,38.2111868,-85.40376582
NLA12_KY-120,36.87545566,-88.49023699
NLA12_KY-122,38.20711945,-85.14063673
NLA12_LA-101,NA,NA
NLA12_LA-102,NA,NA
NLA12_LA-103,NA,NA
NLA12_LA-104,NA,NA
NLA12_LA-105,NA,NA
NLA12_LA-106,NA,NA
NLA12_LA-109,31.91895699,-91.22708935
NLA12_LA-134,29.87714604,-92.79850122
NLA12_LA-141,31.27688512,-91.63026546
NLA12_LA-152,30.8320389,-92.48221774
NLA12_LA-154,32.35170266,-93.76873875
NLA12_LA-155,32.58069163,-93.2587742
NLA12_LA-161,31.49306187,-92.68523484
NLA12_LA-172,30.42278073,-91.16499276
NLA12_MA-101,NA,NA
NLA12_MA-102,NA,NA
NLA12_MA-103,NA,NA
NLA12_MA-104,NA,NA
NLA12_MA-105,42.64690672,-72.21849668
NLA12_MA-106,42.25891476,-71.93931
NLA12_MA-108,42.02607407,-70.88609036
NLA12_MA-109,42.14480404,-72.5129138
NLA12_MA-110,42.30567112,-72.83293844
NLA12_MA-111,41.81248656,-70.63822658
NLA12_MD-101,NA,NA
NLA12_MD-102,NA,NA
NLA12_MD-103,NA,NA
NLA12_MD-104,NA,NA
NLA12_MD-105,38.42355954,-75.56048462
NLA12_MD-108,NA,NA
NLA12_MD-115,38.32546039,-76.43280178
NLA12_MD-118,39.24393515,-75.8567384
NLA12_ME-101,NA,NA
NLA12_ME-102,NA,NA
NLA12_ME-103,NA,NA
NLA12_ME-104,NA,NA
NLA12_ME-105,NA,NA
NLA12_ME-106,NA,NA
NLA12_ME-107,NA,NA
NLA12_ME-108,NA,NA
NLA12_ME-109,NA,NA
NLA12_ME-110,NA,NA
NLA12_ME-113,45.28593111,-68.89350155
NLA12_ME-114,44.52528541,-69.98649383
NLA12_ME-115,45.77842979,-69.12446592
NLA12_ME-116,45.50588593,-69.95373547
NLA12_ME-118,44.21313172,-69.52650339
NLA12_ME-120,45.33344114,-69.26658734
NLA12_ME-121,43.84598141,-70.89131484
NLA12_ME-122,44.78163002,-67.20470823
NLA12_ME-126,44.87076276,-67.58003846
NLA12_ME-129,45.44708588,-68.1886754
NLA12_ME-130,44.4160406,-70.26430126
NLA12_ME-134,44.43398548,-69.38994854
NLA12_ME-135,46.03358616,-68.06506684
NLA12_ME-137,43.76837527,-70.60856237
NLA12_ME-R02,NA,NA
NLA12_ME-R03,NA,NA
NLA12_ME-R06,NA,NA
NLA12_ME-R07,NA,NA
NLA12_ME-R08,NA,NA
NLA12_ME-R10,NA,NA
NLA12_ME-R11,NA,NA
NLA12_ME-R15,NA,NA
NLA12_MI-101,NA,NA
NLA12_MI-102,NA,NA
NLA12_MI-103,NA,NA
NLA12_MI-104,NA,NA
NLA12_MI-105,NA,NA
NLA12_MI-106,NA,NA
NLA12_MI-107,NA,NA
NLA12_MI-108,NA,NA
NLA12_MI-109,NA,NA
NLA12_MI-110,NA,NA
NLA12_MI-111,NA,NA
NLA12_MI-112,NA,NA
NLA12_MI-113,NA,NA
NLA12_MI-114,NA,NA
NLA12_MI-115,NA,NA
NLA12_MI-116,NA,NA
NLA12_MI-117,NA,NA
NLA12_MI-118,NA,NA
NLA12_MI-120,41.79511788,-86.47416191
NLA12_MI-122,45.12471531,-84.17989786
NLA12_MI-123,41.88595109,-84.59594103
NLA12_MI-124,NA,NA
NLA12_MI-125,46.79211529,-88.25774765
NLA12_MI-126,44.88662282,-84.39873637
NLA12_MI-128,42.20474298,-85.70757399
NLA12_MI-129,43.95733488,-85.00046365
NLA12_MI-130,45.1352057,-85.10758971
NLA12_MI-132,45.45225051,-87.75739561
NLA12_MI-133,44.72909861,-84.92612676
NLA12_MI-135,42.41405836,-83.93137109
NLA12_MI-136,43.36480531,-85.37979014
NLA12_MI-137,46.27677652,-88.06319489
NLA12_MI-138,45.74250132,-84.41060851
NLA12_MI-139,42.38808843,-84.90798786
NLA12_MI-141,46.69731067,-88.08197567
NLA12_MI-142,43.48649233,-84.76870838
NLA12_MI-144,41.87226233,-85.86229695
NLA12_MI-145,43.7979845,-85.31301037
NLA12_MI-148,45.95449781,-87.98000286
NLA12_MI-150,46.50629005,-86.25490374
NLA12_MI-151,42.69438266,-84.53228457
NLA12_MI-152,42.75737274,-85.63804424
NLA12_MI-155,42.47782363,-84.16713158
NLA12_MI-161,44.24710638,-85.48183584
NLA12_MI-162,46.46325834,-85.71666173
NLA12_MI-164,46.39966736,-87.44973497
NLA12_MI-165,44.3550178,-85.30575995
NLA12_MI-167,42.9176234,-84.20373932
NLA12_MI-168,42.78409894,-85.11502111
NLA12_MI-169,46.39989795,-88.75176293
NLA12_MI-172,42.5677644,-85.45118289
NLA12_MI-177,44.86768546,-86.0181976
NLA12_MI-178,46.48448683,-86.10510095
NLA12_MI-R08,NA,NA
NLA12_MI-R09,NA,NA
NLA12_MN-101,NA,NA
NLA12_MN-102,NA,NA
NLA12_MN-103,NA,NA
NLA12_MN-104,NA,NA
NLA12_MN-105,NA,NA
NLA12_MN-106,NA,NA
NLA12_MN-107,NA,NA
NLA12_MN-108,NA,NA
NLA12_MN-109,NA,NA
NLA12_MN-110,NA,NA
NLA12_MN-111,NA,NA
NLA12_MN-112,NA,NA
NLA12_MN-113,NA,NA
NLA12_MN-114,NA,NA
NLA12_MN-115,NA,NA
NLA12_MN-116,NA,NA
NLA12_MN-118,NA,NA
NLA12_MN-119,NA,NA
NLA12_MN-120,NA,NA
NLA12_MN-121,NA,NA
NLA12_MN-122,NA,NA
NLA12_MN-123,45.26728203,-96.37029506
NLA12_MN-126,46.98806594,-94.46779773
NLA12_MN-127,46.12736157,-96.13317067
NLA12_MN-130,48.39551806,-92.65806118
NLA12_MN-131,47.64384931,-96.24137504
NLA12_MN-132,45.52853972,-94.53488217
NLA12_MN-135,45.17625487,-95.15019259
NLA12_MN-136,45.86625548,-95.29576378
NLA12_MN-137,47.11718744,-96.01183873
NLA12_MN-138,48.19502998,-90.87628104
NLA12_MN-141,46.39269586,-95.90356295
NLA12_MN-143,46.73240071,-96.07604509
NLA12_MN-144,46.65012172,-94.12488338
NLA12_MN-145,45.18204986,-92.81783999
NLA12_MN-147,46.01981243,-92.58812118
NLA12_MN-150,48.02221592,-91.43895436
NLA12_MN-152,45.42532395,-95.48193854
NLA12_MN-153,47.05748973,-95.78259373
NLA12_MN-157,46.2537416,-95.9373614
NLA12_MN-158,47.66607411,-95.78566673
NLA12_MN-160,46.19672628,-94.57418003
NLA12_MN-162,47.55974319,-93.03255611
NLA12_MN-163,45.47428943,-93.34520865
NLA12_MN-167,45.07766113,-94.8104013
NLA12_MN-170,47.91117443,-90.48657814
NLA12_MN-171,45.50796963,-96.51288831
NLA12_MN-177,44.2618758,-93.82457124
NLA12_MN-178,47.95498955,-92.07622594
NLA12_MN-180,45.85610163,-95.56327026
NLA12_MN-181,47.24386707,-95.13155437
NLA12_MN-R01,NA,NA
NLA12_MN-R12,47.18720256,-95.18406203
NLA12_MN-R13,47.04442303,-94.50397199
NLA12_MN-R14,46.83201964,-92.69504592
NLA12_MO-101,NA,NA
NLA12_MO-102,NA,NA
NLA12_MO-103,NA,NA
NLA12_MO-104,NA,NA
NLA12_MO-105,NA,NA
NLA12_MO-106,NA,NA
NLA12_MO-107,NA,NA
NLA12_MO-108,36.6598375,-91.8828209
NLA12_MO-109,39.15347063,-91.87233538
NLA12_MO-110,38.4288935,-91.48070368
NLA12_MO-115,40.08080659,-93.57644014
NLA12_MO-117,37.91098069,-90.63089462
NLA12_MO-119,38.43441184,-93.877775
NLA12_MO-120,38.93934838,-91.28285684
NLA12_MO-122,40.14196149,-92.57464272
NLA12_MO-123,38.62966176,-92.60391967
NLA12_MO-126,40.23250489,-92.69885469
NLA12_MO-R01,NA,NA
NLA12_MO-R02,NA,NA
NLA12_MS-101,NA,NA
NLA12_MS-102,NA,NA
NLA12_MS-103,NA,NA
NLA12_MS-104,NA,NA
NLA12_MS-105,NA,NA
NLA12_MS-106,NA,NA
NLA12_MS-107,NA,NA
NLA12_MS-112,33.59308863,-88.51092696
NLA12_MS-113,34.65376674,-88.72219988
NLA12_MS-116,34.0051522,-89.76398489
NLA12_MS-119,32.9204524,-90.01403557
NLA12_MS-125,32.3095501,-89.02325769
NLA12_MS-126,30.82268187,-89.77545127
NLA12_MS-128,34.31385713,-88.59472024
NLA12_MS-R03,33.42343029,-89.93919674
NLA12_MT-102,NA,NA
NLA12_MT-103,NA,NA
NLA12_MT-104,NA,NA
NLA12_MT-105,NA,NA
NLA12_MT-106,NA,NA
NLA12_MT-107,NA,NA
NLA12_MT-108,NA,NA
NLA12_MT-109,NA,NA
NLA12_MT-110,NA,NA
NLA12_MT-111,NA,NA
NLA12_MT-113,NA,NA
NLA12_MT-118,NA,NA
NLA12_MT-119,48.41240242,-110.0578148
NLA12_MT-120,48.6294753,-114.3920285
NLA12_MT-124,46.11821631,-113.37464
NLA12_MT-126,48.98589819,-104.3737458
NLA12_MT-135,48.02656863,-109.6237599
NLA12_MT-136,48.95316293,-114.3227227
NLA12_MT-138,47.76171554,-108.4328294
NLA12_MT-140,47.05943881,-113.9378325
NLA12_MT-142,48.4922034,-104.3108863
NLA12_MT-143,48.62106688,-113.1088007
NLA12_MT-144,46.31276308,-110.0325058
NLA12_MT-151,48.38062147,-110.9852659
NLA12_MT-152,45.57835886,-113.0032413
NLA12_MT-154,NA,NA
NLA12_MT-156,46.6246241,-110.7383363
NLA12_MT-160,46.04062349,-110.6921749
NLA12_MT-161,NA,NA
NLA12_MT-162,45.0394762,-109.7724842
NLA12_MT-164,48.16778753,-114.3675211
NLA12_MT-177,47.87668819,-107.1252315
NLA12_NC-101,NA,NA
NLA12_NC-103,NA,NA
NLA12_NC-104,NA,NA
NLA12_NC-105,NA,NA
NLA12_NC-107,35.34715726,-78.62163532
NLA12_NC-108,35.72677802,-82.08422324
NLA12_NC-109,35.14832536,-82.7166084
NLA12_NC-114,35.85874627,-78.66155303
NLA12_NC-115,35.22405538,-78.81547137
NLA12_NC-116,36.12929344,-79.83690419
NLA12_NC-124,35.11601421,-80.26303923
NLA12_NC-127,35.21458872,-79.40360361
NLA12_NC-134,35.71052114,-78.15717765
NLA12_ND-101,NA,NA
NLA12_ND-102,NA,NA
NLA12_ND-103,NA,NA
NLA12_ND-104,NA,NA
NLA12_ND-105,NA,NA
NLA12_ND-106,NA,NA
NLA12_ND-107,NA,NA
NLA12_ND-108,NA,NA
NLA12_ND-109,NA,NA
NLA12_ND-110,NA,NA
NLA12_ND-112,NA,NA
NLA12_ND-113,NA,NA
NLA12_ND-114,NA,NA
NLA12_ND-115,46.82604195,-100.6342083
NLA12_ND-118,46.36786408,-99.39845029
NLA12_ND-119,47.73683911,-100.4387591
NLA12_ND-126,48.74897872,-102.9425695
NLA12_ND-129,46.71384398,-100.1527425
NLA12_ND-131,46.61482047,-101.8950983
NLA12_ND-134,46.02278583,-99.29204583
NLA12_ND-139,47.90420192,-101.0598295
NLA12_ND-145,47.08001327,-99.73058586
NLA12_ND-146,48.914933,-100.4334397
NLA12_ND-149,47.06803402,-99.0799129
NLA12_ND-151,NA,NA
NLA12_ND-155,48.35144139,-102.1406782
NLA12_ND-156,47.17037042,-99.24800631
NLA12_ND-160,47.17341262,-99.77111166
NLA12_ND-162,48.55085513,-99.92530218
NLA12_ND-163,46.54392165,-104.028258
NLA12_ND-164,47.13839584,-99.13252314
NLA12_ND-167,47.3986724,-100.8114446
NLA12_ND-172,47.20188944,-99.35239064
NLA12_ND-173,46.40002555,-99.28218473
NLA12_ND-178,48.95477319,-99.83321117
NLA12_ND-186,NA,NA
NLA12_ND-187,48.00697014,-101.5324187
NLA12_ND-190,48.54728662,-99.18516789
NLA12_ND-193,47.08352059,-99.22730879
NLA12_ND-194,48.72020198,-102.1149998
NLA12_ND-196,47.24136596,-99.83730412
NLA12_ND-198,48.87733825,-99.97954534
NLA12_ND-199,47.848299,-100.278256
NLA12_ND-202,48.6652108,-103.0632567
NLA12_ND-R17,46.74569439,-99.49689806
NLA12_ND-R18,47.12915154,-99.62037746
NLA12_NE-101,NA,NA
NLA12_NE-102,NA,NA
NLA12_NE-103,NA,NA
NLA12_NE-104,NA,NA
NLA12_NE-105,NA,NA
NLA12_NE-106,NA,NA
NLA12_NE-107,NA,NA
NLA12_NE-108,NA,NA
NLA12_NE-109,NA,NA
NLA12_NE-110,NA,NA
NLA12_NE-111,NA,NA
NLA12_NE-112,NA,NA
NLA12_NE-113,NA,NA
NLA12_NE-114,NA,NA
NLA12_NE-121,42.51739225,-100.5028037
NLA12_NE-125,42.55808515,-100.5237021
NLA12_NE-127,42.0197906,-102.436373
NLA12_NE-129,41.38619711,-96.48110256
NLA12_NE-133,42.10977927,-98.56233501
NLA12_NE-135,41.92340362,-102.3884007
NLA12_NE-149,40.94645984,-100.2425074
NLA12_NE-154,40.57928385,-96.84481374
NLA12_NE-156,42.35166617,-101.2441503
NLA12_NE-157,41.09244722,-96.35328376
NLA12_NE-158,40.16908467,-96.83069073
NLA12_NE-160,41.93354662,-103.4942217
NLA12_NE-166,40.72029355,-99.69727541
NLA12_NE-170,40.76510679,-96.85405546
NLA12_NH-101,NA,NA
NLA12_NH-102,NA,NA
NLA12_NH-103,NA,NA
NLA12_NH-104,NA,NA
NLA12_NH-105,NA,NA
NLA12_NH-107,42.94554682,-71.23683903
NLA12_NH-108,43.36765664,-71.24468602
NLA12_NH-109,42.99011487,-72.07432508
NLA12_NH-111,43.38482901,-70.98609163
NLA12_NH-112,42.73918269,-71.9370297
NLA12_NH-115,43.80812429,-71.11845765
NLA12_NH-R04,NA,NA
NLA12_NJ-101,NA,NA
NLA12_NJ-102,NA,NA
NLA12_NJ-103,NA,NA
NLA12_NJ-104,NA,NA
NLA12_NJ-105,41.14260568,-74.40940536
NLA12_NJ-106,41.03000369,-74.30117131
NLA12_NJ-107,41.24716907,-74.52116845
NLA12_NJ-108,39.84947938,-74.78728568
NLA12_NJ-118,40.79987801,-74.78468146
NLA12_NJ-119,41.05618106,-74.48217948
NLA12_NJ-131,39.4076583,-74.77816024
NLA12_NJ-R01,NA,NA
NLA12_NM-104,NA,NA
NLA12_NM-105,NA,NA
NLA12_NM-117,36.89563356,-105.1370534
NLA12_NM-129,35.35167925,-103.4881351
NLA12_NM-132,36.83163302,-104.2263032
NLA12_NM-133,36.88334317,-105.2471097
NLA12_NM-134,NA,NA
NLA12_NM-138,35.98082795,-108.9316434
NLA12_NM-150,NA,NA
NLA12_NM-152,NA,NA
NLA12_NM-160,NA,NA
NLA12_NM-161,36.59549602,-105.4171201
NLA12_NM-162,36.87227505,-106.9285162
NLA12_NV-101,NA,NA
NLA12_NV-102,NA,NA
NLA12_NV-103,NA,NA
NLA12_NV-104,NA,NA
NLA12_NV-105,NA,NA
NLA12_NV-106,NA,NA
NLA12_NV-109,NA,NA
NLA12_NV-119,41.6332907,-118.3893572
NLA12_NV-127,41.75740963,-115.7220267
NLA12_NV-137,41.16858314,-119.8174513
NLA12_NV-141,39.54187799,-119.7789359
NLA12_NV-144,39.24114932,-117.1658183
NLA12_NV-167,41.19805974,-115.8922956
NLA12_NV-177,41.69458237,-118.7419158
NLA12_NV-193,39.10754761,-119.9072662
NLA12_NV-R01,NA,NA
NLA12_NY-0101,NA,NA
NLA12_NY-0102,NA,NA
NLA12_NY-0103,NA,NA
NLA12_NY-0104,43.62876093,-73.42646982
NLA12_NY-0106,44.37867633,-74.36423487
NLA12_NY-0108,41.33989604,-73.67007006
NLA12_NY-0109,44.73604256,-74.06546921
NLA12_NY-0110,43.8504499,-73.63471673
NLA12_NY-0111,43.24193911,-74.48992678
NLA12_NY-0112,42.32527988,-77.17720022
NLA12_NY-R02,NA,NA
NLA12_NY-R03,NA,NA
NLA12_NY-R04,NA,NA
NLA12_NY-R06,NA,NA
NLA12_NY-R07,NA,NA
NLA12_NY-R08,42.01444485,-74.05739193
NLA12_NY-R11,42.06057748,-74.17588801
NLA12_OH-101,NA,NA
NLA12_OH-102,NA,NA
NLA12_OH-103,NA,NA
NLA12_OH-104,NA,NA
NLA12_OH-105,NA,NA
NLA12_OH-106,NA,NA
NLA12_OH-107,NA,NA
NLA12_OH-112,41.23823423,-83.02039327
NLA12_OH-113,40.76004634,-81.10117086
NLA12_OH-115,39.65347461,-82.47378134
NLA12_OH-118,40.70340664,-83.37874497
NLA12_OH-122,39.66169251,-84.64620693
NLA12_OH-127,NA,NA
NLA12_OH-134,40.17663921,-84.26522022
NLA12_OH-136,41.11051556,-82.08387214
NLA12_OH-137,NA,NA
NLA12_OH-R02,41.13160512,-81.23283319
NLA12_OH-R03,41.44474462,-81.17478031
NLA12_OK-101,NA,NA
NLA12_OK-102,NA,NA
NLA12_OK-103,NA,NA
NLA12_OK-104,NA,NA
NLA12_OK-105,NA,NA
NLA12_OK-106,NA,NA
NLA12_OK-107,NA,NA
NLA12_OK-108,NA,NA
NLA12_OK-109,NA,NA
NLA12_OK-117,NA,NA
NLA12_OK-118,NA,NA
NLA12_OK-119,NA,NA
NLA12_OK-120,NA,NA
NLA12_OK-121,NA,NA
NLA12_OK-122,NA,NA
NLA12_OK-132,NA,NA
NLA12_OK-133,NA,NA
NLA12_OK-134,36.93107268,-96.1029813
NLA12_OK-135,35.41220255,-95.92927589
NLA12_OK-285,34.67080796,-96.65199926
NLA12_OK-286,36.39702172,-97.27510708
NLA12_OK-288,34.22797787,-96.41805312
NLA12_OK-291,35.45432098,-94.98689489
NLA12_OK-292,34.6436102,-97.85282397
NLA12_OK-293,35.44629551,-99.28949259
NLA12_OK-296,35.17758601,-96.36676849
NLA12_OK-299,35.15514114,-94.98833478
NLA12_OK-302,36.66779936,-96.99672664
NLA12_OK-306,35.83096575,-97.27012902
NLA12_OK-311,34.97670154,-95.3476266
NLA12_OK-R01,NA,NA
NLA12_OK-R09,NA,NA
NLA12_OR-101,NA,NA
NLA12_OR-102,NA,NA
NLA12_OR-103,NA,NA
NLA12_OR-104,NA,NA
NLA12_OR-105,NA,NA
NLA12_OR-106,NA,NA
NLA12_OR-107,NA,NA
NLA12_OR-109,NA,NA
NLA12_OR-110,NA,NA
NLA12_OR-111,NA,NA
NLA12_OR-112,NA,NA
NLA12_OR-113,NA,NA
NLA12_OR-121,44.39992585,-121.8013897
NLA12_OR-123,42.13001338,-122.4782769
NLA12_OR-126,44.83363547,-121.8137759
NLA12_OR-128,NA,NA
NLA12_OR-129,43.85416637,-124.1467548
NLA12_OR-131,NA,NA
NLA12_OR-133,43.59526826,-123.2788429
NLA12_OR-144,43.76442253,-122.0086406
NLA12_OR-145,43.50524621,-124.2304141
NLA12_OR-154,44.36264218,-117.6939324
NLA12_OR-155,42.41052213,-122.7698835
NLA12_OR-158,45.56535236,-122.5630011
NLA12_OR-160,43.81091778,-121.9093017
NLA12_OR-163,45.03695777,-122.265382
NLA12_OR-167,46.10040452,-123.9286129
NLA12_OR-169,43.96521803,-122.6839683
NLA12_OR-173,44.77856094,-121.7858008
NLA12_PA-101,NA,NA
NLA12_PA-102,NA,NA
NLA12_PA-103,NA,NA
NLA12_PA-105,NA,NA
NLA12_PA-106,NA,NA
NLA12_PA-107,NA,NA
NLA12_PA-108,40.15293661,-74.79768626
NLA12_PA-109,41.34409259,-76.28316084
NLA12_PA-110,41.72867632,-75.69455486
NLA12_PA-111,41.23632668,-79.65610085
NLA12_PA-113,NA,NA
NLA12_PA-114,41.63094162,-75.54850707
NLA12_PA-115,40.99943137,-80.49312977
NLA12_PA-117,40.92316393,-75.16195457
NLA12_PA-118,41.28167082,-75.48540368
NLA12_PA-119,40.15803635,-78.97299781
NLA12_PA-R10,40.67933272,-78.32911925
NLA12_PA-R11,39.75769613,-79.55160947
NLA12_RI-102,NA,NA
NLA12_RI-103,NA,NA
NLA12_RI-104,NA,NA
NLA12_RI-108,41.7095419,-71.63385271
NLA12_RI-110,41.51503632,-71.58907041
NLA12_RI-111,41.77464309,-71.44686035
NLA12_RI-112,NA,NA
NLA12_RI-113,41.45016196,-71.5139586
NLA12_SC-102,NA,NA
NLA12_SC-103,NA,NA
NLA12_SC-104,34.35717311,-81.7628833
NLA12_SC-105,34.00001889,-80.9279379
NLA12_SC-106,NA,NA
NLA12_SC-108,33.57494811,-81.88510289
NLA12_SC-112,33.67943225,-81.34046836
NLA12_SC-118,NA,NA
NLA12_SC-127,32.94279129,-80.41743994
NLA12_SD-101,NA,NA
NLA12_SD-102,NA,NA
NLA12_SD-103,NA,NA
NLA12_SD-104,NA,NA
NLA12_SD-105,NA,NA
NLA12_SD-106,NA,NA
NLA12_SD-107,NA,NA
NLA12_SD-108,NA,NA
NLA12_SD-109,NA,NA
NLA12_SD-110,NA,NA
NLA12_SD-111,NA,NA
NLA12_SD-114,NA,NA
NLA12_SD-115,42.72586493,-96.80951269
NLA12_SD-119,43.18429344,-104.0197793
NLA12_SD-122,45.83652227,-97.52514003
NLA12_SD-124,45.87066253,-103.7050696
NLA12_SD-126,45.49815844,-97.61396918
NLA12_SD-130,45.66600053,-97.23383272
NLA12_SD-131,43.07985221,-98.08073782
NLA12_SD-132,45.0770889,-101.643063
NLA12_SD-133,44.47740626,-99.31405069
NLA12_SD-134,45.55612315,-99.77590227
NLA12_SD-137,43.27872203,-99.65508754
NLA12_SD-138,NA,NA
NLA12_SD-140,NA,NA
NLA12_SD-141,45.81116472,-99.28278555
NLA12_SD-143,43.89012129,-101.1518294
NLA12_SD-146,45.74128962,-97.26709757
NLA12_SD-147,43.20148574,-99.61980464
NLA12_SD-150,45.75621315,-99.64575832
NLA12_SD-154,44.83195396,-97.72143694
NLA12_SD-157,45.91255997,-99.21601903
NLA12_SD-158,45.23398781,-96.5208005
NLA12_SD-162,44.20860117,-96.84466113
NLA12_SD-165,44.32204695,-99.73243077
NLA12_SD-166,45.68365856,-97.44500099
NLA12_SD-168,45.46848158,-102.4051988
NLA12_SD-170,45.42085242,-97.50813452
NLA12_SD-172,44.87090089,-103.0033176
NLA12_SD-182,NA,NA
NLA12_SD-183,43.44309912,-99.25760578
NLA12_SD-189,NA,NA
NLA12_SD-198,44.59545614,-97.1985202
NLA12_SD-212,45.09124999,-100.4923803
NLA12_TN-101,NA,NA
NLA12_TN-103,NA,NA
NLA12_TN-104,NA,NA
NLA12_TN-106,35.12132203,-88.50247061
NLA12_TN-108,NA,NA
NLA12_TN-113,35.2132032,-89.9349158
NLA12_TN-114,35.53344258,-88.79381612
NLA12_TN-119,36.30304042,-86.91714013
NLA12_TN-122,35.34673245,-88.88488635
NLA12_TN-R01,NA,NA
NLA12_TX-101,NA,NA
NLA12_TX-103,NA,NA
NLA12_TX-104,NA,NA
NLA12_TX-105,NA,NA
NLA12_TX-107,NA,NA
NLA12_TX-109,NA,NA
NLA12_TX-110,NA,NA
NLA12_TX-111,NA,NA
NLA12_TX-112,NA,NA
NLA12_TX-113,NA,NA
NLA12_TX-114,NA,NA
NLA12_TX-116,NA,NA
NLA12_TX-117,33.06712109,-95.73801377
NLA12_TX-118,29.16088523,-95.32520155
NLA12_TX-121,31.7872742,-96.06449217
NLA12_TX-124,32.79752902,-98.98190835
NLA12_TX-128,32.66237175,-97.61238491
NLA12_TX-129,29.86638372,-95.17138389
NLA12_TX-135,26.62195986,-98.06124241
NLA12_TX-136,32.49282566,-100.578457
NLA12_TX-137,31.91034371,-95.30185594
NLA12_TX-141,31.70876097,-94.35710738
NLA12_TX-144,31.88917209,-97.70249202
NLA12_TX-148,33.27090609,-98.15099199
NLA12_TX-152,32.58187778,-101.165507
NLA12_TX-157,32.82785688,-94.047393
NLA12_TX-158,26.06969798,-97.56163797
NLA12_TX-159,30.00697302,-96.70980987
NLA12_TX-160,32.8469031,-96.88653964
NLA12_TX-161,29.61660959,-95.64840829
NLA12_TX-165,33.83357441,-95.63207419
NLA12_TX-169,32.19966096,-94.907485
NLA12_TX-170,30.9634384,-95.90350405
NLA12_TX-176,32.46570764,-96.20016563
NLA12_TX-182,31.58749658,-98.62250327
NLA12_TX-187,32.41566325,-96.05998989
NLA12_TX-190,32.0726955,-97.12977293
NLA12_TX-195,33.51617531,-94.12513187
NLA12_TX-196,31.33182559,-97.26843785
NLA12_TX-199,32.04833893,-95.99865481
NLA12_TX-201,30.55887079,-95.49710901
NLA12_TX-202,32.05630851,-96.73178299
NLA12_TX-205,29.12694253,-95.58166196
NLA12_TX-218,33.5630296,-97.01641569
NLA12_TX-232,33.17048801,-95.09123194
NLA12_TX-234,32.10705826,-97.88118693
NLA12_TX-235,31.9239003,-94.08029271
NLA12_TX-R02,NA,NA
NLA12_TX-R08,33.73234967,-95.99468577
NLA12_TX-R09,33.7351029,-95.92578522
NLA12_UT-101,NA,NA
NLA12_UT-102,NA,NA
NLA12_UT-103,NA,NA
NLA12_UT-104,NA,NA
NLA12_UT-105,NA,NA
NLA12_UT-108,NA,NA
NLA12_UT-109,NA,NA
NLA12_UT-110,40.87400683,-109.1380738
NLA12_UT-112,40.51101829,-111.5858985
NLA12_UT-118,40.8207594,-110.3898186
NLA12_UT-122,40.83133152,-110.0193773
NLA12_UT-125,39.1695073,-111.4507206
NLA12_UT-126,41.92315669,-111.6571345
NLA12_UT-128,40.63982287,-112.3104436
NLA12_UT-137,37.82193983,-112.7212944
NLA12_UT-141,38.8475374,-111.9613903
NLA12_UT-147,40.68036901,-111.097613
NLA12_UT-148,41.80681225,-111.8970124
NLA12_UT-159,40.70452574,-110.9631214
NLA12_UT-160,41.70168986,-113.9596706
NLA12_UT-165,NA,NA
NLA12_UT-167,39.36385445,-110.8011068
NLA12_UT-169,39.20473742,-111.6689123
NLA12_UT-173,37.25249786,-113.7781188
NLA12_UT-186,38.23508748,-112.4630091
NLA12_UT-196,39.70682362,-111.2933692
NLA12_UT-203,40.58885713,-111.5899784
NLA12_UT-210,38.78818748,-111.7748779
NLA12_UT-218,NA,NA
NLA12_UT-222,38.62493587,-112.4333455
NLA12_UT-229,40.88926752,-109.8461084
NLA12_UT-260,39.14241052,-111.452546
NLA12_UT-264,38.07061898,-111.3751268
NLA12_UT-290,40.8739496,-109.1483089
NLA12_UT-294,40.75243409,-111.7195606
NLA12_UT-324,40.67460225,-110.9706993
NLA12_UT-325,40.9060993,-111.5911941
NLA12_UT-343,40.9225409,-110.1185889
NLA12_UT-359,40.35063701,-109.941191
NLA12_UT-374,39.10008113,-111.2003351
NLA12_UT-392,NA,NA
NLA12_UT-397,37.59556184,-112.2546686
NLA12_UT-400,40.05768033,-110.627715
NLA12_UT-409,40.71105895,-111.9468346
NLA12_UT-412,40.86378075,-109.8118146
NLA12_UT-424,40.6710886,-109.9197001
NLA12_VA-101,NA,NA
NLA12_VA-102,NA,NA
NLA12_VA-103,NA,NA
NLA12_VA-104,NA,NA
NLA12_VA-105,NA,NA
NLA12_VA-106,NA,NA
NLA12_VA-108,NA,NA
NLA12_VA-109,37.35262917,-79.92640549
NLA12_VA-110,38.6132069,-77.35177584
NLA12_VA-111,37.20263314,-77.35292656
NLA12_VA-112,36.70331908,-76.61370171
NLA12_VA-114,37.97534621,-78.42805404
NLA12_VA-116,36.93851006,-79.92845969
NLA12_VA-118,38.66358751,-77.66841941
NLA12_VA-119,37.29642181,-76.61317204
NLA12_VA-121,37.75190637,-76.93373313
NLA12_VA-123,36.91780892,-76.15174455
NLA12_VA-125,36.67434057,-80.39017008
NLA12_VA-126,38.55750724,-78.96983242
NLA12_VA-127,NA,NA
NLA12_VA-130,37.99359532,-78.17761298
NLA12_VA-R01,NA,NA
NLA12_VA-R05,NA,NA
NLA12_VA-R06,NA,NA
NLA12_VA-R14,36.74988308,-79.87361354
NLA12_VA-R17,NA,NA
NLA12_VA-R18,37.41265564,-76.71046399
NLA12_VT-101,NA,NA
NLA12_VT-102,NA,NA
NLA12_VT-103,NA,NA
NLA12_VT-104,NA,NA
NLA12_VT-106,44.77783926,-71.79916952
NLA12_VT-109,NA,NA
NLA12_VT-110,44.74644759,-72.59930665
NLA12_VT-112,44.41873636,-72.94729757
NLA12_VT-114,NA,NA
NLA12_VT-115,44.42819135,-72.23012775
NLA12_VT-R01,NA,NA
NLA12_VT-R02,NA,NA
NLA12_WA-101,NA,NA
NLA12_WA-102,NA,NA
NLA12_WA-103,NA,NA
NLA12_WA-104,NA,NA
NLA12_WA-106,NA,NA
NLA12_WA-107,NA,NA
NLA12_WA-108,NA,NA
NLA12_WA-109,NA,NA
NLA12_WA-110,NA,NA
NLA12_WA-111,NA,NA
NLA12_WA-112,NA,NA
NLA12_WA-114,47.03340588,-122.9080173
NLA12_WA-115,48.95919311,-118.1271161
NLA12_WA-116,46.94126809,-119.27853
NLA12_WA-118,47.35148384,-121.9912542
NLA12_WA-120,48.29227506,-118.32282
NLA12_WA-121,47.85188997,-122.2449986
NLA12_WA-124,48.03662397,-118.8932554
NLA12_WA-125,47.13372828,-124.0473316
NLA12_WA-126,48.40619468,-117.180602
NLA12_WA-129,46.15548587,-121.701039
NLA12_WA-131,48.39574918,-120.1848543
NLA12_WA-133,48.56842531,-123.0735207
NLA12_WA-138,47.59338259,-122.1245929
NLA12_WA-141,47.24381556,-122.757955
NLA12_WA-146,46.42220235,-121.5971666
NLA12_WA-147,48.23081534,-119.7765868
NLA12_WA-151,48.687922,-121.6679362
NLA12_WA-154,46.83110249,-122.4473471
NLA12_WA-157,47.47102321,-123.1739311
NLA12_WA-159,46.62199741,-120.5560269
NLA12_WA-R08,47.13311657,-119.9153732
NLA12_WA-R09,47.58873889,-119.3227985
NLA12_WA-R10,46.95906591,-119.2902715
NLA12_WA-R11,48.86544591,-121.6771636
NLA12_WI-101,NA,NA
NLA12_WI-102,NA,NA
NLA12_WI-103,NA,NA
NLA12_WI-104,NA,NA
NLA12_WI-106,NA,NA
NLA12_WI-107,NA,NA
NLA12_WI-108,NA,NA
NLA12_WI-109,NA,NA
NLA12_WI-110,NA,NA
NLA12_WI-111,NA,NA
NLA12_WI-112,45.62088904,-88.07300702
NLA12_WI-113,43.81355964,-89.30356704
NLA12_WI-115,45.89865584,-89.6943733
NLA12_WI-117,44.0425333,-89.21610906
NLA12_WI-120,42.97222963,-87.93633533
NLA12_WI-122,43.17776764,-90.67162718
NLA12_WI-127,44.77019577,-91.92981181
NLA12_WI-128,44.67992189,-88.71573368
NLA12_WI-129,43.42203813,-87.95943869
NLA12_WI-131,45.97188548,-89.38901466
NLA12_WI-132,44.69847871,-87.49992572
NLA12_WI-133,44.29583634,-87.73414988
NLA12_WI-134,42.94678195,-89.4096945
NLA12_WI-135,NA,NA
NLA12_WI-136,43.05664122,-88.45502863
NLA12_WI-138,45.19365958,-90.44187712
NLA12_WI-140,42.99825202,-89.29085205
NLA12_WI-142,46.25160505,-90.36722351
NLA12_WI-144,44.92260841,-89.03917287
NLA12_WI-147,46.3452418,-91.75370431
NLA12_WI-151,45.73469469,-91.57086287
NLA12_WI-152,42.59803618,-88.61516896
NLA12_WI-153,44.43390781,-92.07106181
NLA12_WI-154,45.39105151,-89.17936483
NLA12_WI-155,45.38632167,-92.47540024
NLA12_WI-157,43.53712279,-90.95935275
NLA12_WI-161,44.3329463,-89.18303988
NLA12_WI-163,46.47406064,-92.04491337
NLA12_WI-166,43.19283315,-90.42159914
NLA12_WI-168,42.50962706,-88.26962301
NLA12_WI-170,45.57708435,-89.1648747
NLA12_WI-171,45.7344156,-92.53857737
NLA12_WI-172,43.49766607,-89.29875291
NLA12_WI-173,43.60640518,-90.09230591
NLA12_WI-174,46.25445969,-89.84834363
NLA12_WI-176,45.41937109,-87.91729236
NLA12_WI-179,45.80478692,-89.71210018
NLA12_WI-181,44.07085734,-87.73427579
NLA12_WI-183,46.17950483,-90.98648796
NLA12_WI-188,42.73179781,-88.94241893
NLA12_WI-R06,NA,NA
NLA12_WI-R08,NA,NA
NLA12_WI-R11,NA,NA
NLA12_WI-R12,46.05021865,-89.86417404
NLA12_WI-R13,45.98604436,-89.80657406
NLA12_WV-101,NA,NA
NLA12_WV-102,NA,NA
NLA12_WV-105,38.36552067,-81.25277547
NLA12_WV-106,38.94576507,-80.42780497
NLA12_WV-111,39.51588788,-80.4100598
NLA12_WV-112,38.83710051,-82.12452034
NLA12_WV-113,38.49141175,-79.31478115
NLA12_WV-115,NA,NA
NLA12_WV-R01,NA,NA
NLA12_WY-101,NA,NA
NLA12_WY-102,NA,NA
NLA12_WY-103,NA,NA
NLA12_WY-104,NA,NA
NLA12_WY-105,NA,NA
NLA12_WY-107,NA,NA
NLA12_WY-115,41.15233931,-110.8249531
NLA12_WY-116,42.80153184,-109.4608964
NLA12_WY-117,42.73351246,-109.0932442
NLA12_WY-120,43.29630511,-109.845187
NLA12_WY-124,43.89903221,-110.6733784
NLA12_WY-125,43.16510906,-109.8031724
NLA12_WY-130,42.54705507,-107.1498507
NLA12_WY-131,41.94495085,-110.6568886
NLA12_WY-133,42.71197472,-109.1788711
NLA12_WY-135,41.51119946,-105.4171502
NLA12_WY-137,44.78132376,-109.2547289
NLA12_WY-147,42.04937237,-110.0809239
NLA12_WY-151,41.20465089,-106.2591701
NLA12_WY-R01,NA,NA
NLA12_WY-R02,NA,NA
NLA12_WY-R04,NA,NA
NLA12_WY-R08,41.36491157,-106.3458452
